name,p1,p2,p3,height,width,mos_p1,mos_p2,mos_p3,mos,frame_number,fn_last_frame,left_p1,right_p1,top_p1,bottom_p1,start_p1,end_p1,left_p2,right_p2,top_p2,bottom_p2,start_p2,end_p2,left_p3,right_p3,top_p3,bottom_p3,start_p3,end_p3,top_vid,left_vid,bottom_vid,right_vid,start_vid,end_vid,is_test,is_valid
yfcc-batch1/728,"[405, 917, 105, 392, 0, 172]","[0, 1280, 0, 720, 5, 73]","[42, 554, 40, 328, 38, 107]",720,1280,65.64705882,77.23529412,73,76,172,yfcc-batch1/728/image_00172,405,917,105,392,0,172,0,1280,0,720,5,73,42,554,40,328,38,107,0,0,720,1280,0,172,FALSE,FALSE
yfcc-batch1/732,"[539, 1051, 54, 342, 0, 178]","[0, 1280, 0, 720, 8, 79]","[520, 1032, 258, 546, 14, 86]",720,1280,46.57142857,55.28125,56.37142857,52.51515152,179,yfcc-batch1/732/image_00179,539,1051,54,342,0,178,0,1280,0,720,8,79,520,1032,258,546,14,86,0,0,720,1280,0,179,FALSE,FALSE
yfcc-batch1/729,"[491, 1003, 95, 383, 0, 192]","[0, 1280, 0, 720, 104, 181]","[260, 772, 0, 288, 44, 121]",720,1280,58.76470588,59.33333333,52.41176471,64,192,yfcc-batch1/729/image_00192,491,1003,95,383,0,192,0,1280,0,720,104,181,260,772,0,288,44,121,0,0,720,1280,0,192,FALSE,FALSE
yfcc-batch1/731,"[82, 369, 382, 894, 0, 208]","[0, 720, 0, 1280, 4, 87]","[216, 504, 282, 794, 102, 185]",1280,720,45.57142857,54.08333333,51.19230769,37.5,209,yfcc-batch1/731/image_00209,82,369,382,894,0,208,0,720,0,1280,4,87,216,504,282,794,102,185,0,0,1280,720,0,209,FALSE,FALSE
yfcc-batch1/730,"[406, 918, 76, 364, 0, 168]","[0, 1280, 0, 720, 68, 135]","[108, 620, 78, 366, 0, 67]",720,1280,60.67567568,67.96875,58.67567568,56.92307692,167,yfcc-batch1/730/image_00167,406,918,76,364,0,168,0,1280,0,720,68,135,108,620,78,366,0,67,0,0,720,1280,0,167,FALSE,FALSE
yfcc-batch1/736,"[675, 1187, 174, 462, 0, 216]","[0, 1280, 0, 720, 73, 160]","[428, 940, 0, 288, 76, 162]",720,1280,52.64705882,55.26666667,54.94285714,57.31428571,216,yfcc-batch1/736/image_00216,675,1187,174,462,0,216,0,1280,0,720,73,160,428,940,0,288,76,162,0,0,720,1280,0,216,FALSE,FALSE
yfcc-batch1/735,"[651, 1163, 145, 433, 0, 240]","[0, 1280, 0, 720, 99, 195]","[592, 1104, 314, 602, 29, 125]",720,1280,61.73529412,67.87878788,64.14285714,76.06451613,240,yfcc-batch1/735/image_00240,651,1163,145,433,0,240,0,1280,0,720,99,195,592,1104,314,602,29,125,0,0,720,1280,0,240,FALSE,FALSE
yfcc-batch1/733,"[269, 781, 125, 413, 0, 231]","[0, 1280, 0, 720, 34, 125]","[768, 1280, 0, 288, 69, 161]",720,1280,48.51428571,59.20588235,49.03125,52.74285714,231,yfcc-batch1/733/image_00231,269,781,125,413,0,231,0,1280,0,720,34,125,768,1280,0,288,69,161,0,0,720,1280,0,231,FALSE,FALSE
yfcc-batch1/739,"[35, 547, 305, 593, 0, 98]","[0, 1280, 0, 720, 7, 47]","[166, 678, 0, 288, 1, 41]",720,1280,31.02631579,37.96969697,26.5483871,30.59375,98,yfcc-batch1/739/image_00098,35,547,305,593,0,98,0,1280,0,720,7,47,166,678,0,288,1,41,0,0,720,1280,0,98,FALSE,FALSE
yfcc-batch1/740,"[109, 621, 81, 368, 0, 243]","[0, 1280, 0, 720, 139, 236]","[432, 944, 244, 532, 32, 129]",720,1280,45,56.17647059,50.34375,55,243,yfcc-batch1/740/image_00243,109,621,81,368,0,243,0,1280,0,720,139,236,432,944,244,532,32,129,0,0,720,1280,0,243,FALSE,FALSE
yfcc-batch1/742,"[139, 651, 353, 641, 0, 214]","[0, 1280, 0, 720, 19, 105]","[0, 512, 376, 664, 8, 93]",720,1280,60.91428571,67.36111111,57.08823529,63.43333333,215,yfcc-batch1/742/image_00215,139,651,353,641,0,214,0,1280,0,720,19,105,0,512,376,664,8,93,0,0,720,1280,0,215,FALSE,FALSE
yfcc-batch1/743,"[544, 1056, 20, 308, 0, 246]","[0, 1280, 0, 720, 7, 105]","[34, 546, 82, 370, 0, 98]",720,1280,55.02857143,52.61111111,56.1875,65.66666667,246,yfcc-batch1/743/image_00246,544,1056,20,308,0,246,0,1280,0,720,7,105,34,546,82,370,0,98,0,0,720,1280,0,246,FALSE,FALSE
yfcc-batch1/745,"[288, 800, 237, 525, 0, 200]","[0, 1280, 0, 720, 4, 84]","[730, 1242, 152, 440, 14, 94]",720,1280,64.19444444,67.45714286,44.64516129,71.64516129,200,yfcc-batch1/745/image_00200,288,800,237,525,0,200,0,1280,0,720,4,84,730,1242,152,440,14,94,0,0,720,1280,0,200,FALSE,FALSE
yfcc-batch1/762,"[125, 637, 324, 612, 0, 196]","[0, 1280, 0, 720, 82, 160]","[0, 512, 0, 288, 113, 191]",720,1280,62.17142857,62.35483871,64.41935484,63,197,yfcc-batch1/762/image_00197,125,637,324,612,0,196,0,1280,0,720,82,160,0,512,0,288,113,191,0,0,720,1280,0,197,FALSE,FALSE
yfcc-batch1/763,"[461, 973, 351, 639, 0, 184]","[0, 1280, 0, 720, 15, 89]","[0, 512, 0, 288, 110, 184]",720,1280,60.94117647,62.88888889,59.14705882,70.76470588,185,yfcc-batch1/763/image_00185,461,973,351,639,0,184,0,1280,0,720,15,89,0,512,0,288,110,184,0,0,720,1280,0,185,FALSE,FALSE
yfcc-batch1/761,"[736, 1248, 25, 313, 0, 214]","[0, 1280, 0, 720, 125, 210]","[98, 610, 50, 338, 0, 86]",720,1280,48.28947368,51.68571429,57.88571429,49.88461538,215,yfcc-batch1/761/image_00215,736,1248,25,313,0,214,0,1280,0,720,125,210,98,610,50,338,0,86,0,0,720,1280,0,215,FALSE,FALSE
yfcc-batch1/774,"[302, 814, 330, 618, 0, 202]","[0, 1280, 0, 720, 24, 105]","[300, 812, 362, 650, 7, 88]",720,1280,56.34375,64.54285714,64.81481481,66.76470588,202,yfcc-batch1/774/image_00202,302,814,330,618,0,202,0,1280,0,720,24,105,300,812,362,650,7,88,0,0,720,1280,0,202,FALSE,FALSE
yfcc-batch1/776,"[480, 992, 411, 699, 0, 200]","[0, 1280, 0, 720, 75, 155]","[348, 860, 0, 288, 102, 182]",720,1280,65.61290323,62.16666667,61.5,75.48387097,200,yfcc-batch1/776/image_00200,480,992,411,699,0,200,0,1280,0,720,75,155,348,860,0,288,102,182,0,0,720,1280,0,200,FALSE,FALSE
yfcc-batch1/775,"[56, 568, 94, 382, 0, 200]","[0, 1280, 0, 720, 28, 109]","[768, 1280, 0, 288, 0, 80]",720,1280,62.44444444,69.85294118,75.38709677,79.2962963,200,yfcc-batch1/775/image_00200,56,568,94,382,0,200,0,1280,0,720,28,109,768,1280,0,288,0,80,0,0,720,1280,0,200,FALSE,FALSE
yfcc-batch1/773,"[756, 1268, 83, 370, 0, 250]","[0, 1280, 0, 720, 7, 107]","[768, 1280, 332, 620, 0, 100]",720,1280,49.15151515,55.48571429,47.27027027,56.71875,250,yfcc-batch1/773/image_00250,756,1268,83,370,0,250,0,1280,0,720,7,107,768,1280,332,620,0,100,0,0,720,1280,0,250,FALSE,FALSE
yfcc-batch1/777,"[724, 1236, 383, 671, 0, 204]","[0, 1280, 0, 720, 123, 203]","[576, 1088, 0, 288, 77, 158]",720,1280,70.66666667,68.48387097,62.62857143,69.48571429,203,yfcc-batch1/777/image_00203,724,1236,383,671,0,204,0,1280,0,720,123,203,576,1088,0,288,77,158,0,0,720,1280,0,203,FALSE,FALSE
yfcc-batch1/781,"[228, 740, 356, 644, 0, 181]","[0, 1280, 0, 720, 65, 137]","[136, 648, 0, 288, 45, 117]",720,1280,50.15625,62.91176471,52.57575758,58.86486486,181,yfcc-batch1/781/image_00181,228,740,356,644,0,181,0,1280,0,720,65,137,136,648,0,288,45,117,0,0,720,1280,0,181,FALSE,FALSE
yfcc-batch1/783,"[387, 899, 29, 317, 0, 185]","[0, 1280, 0, 720, 7, 81]","[350, 862, 432, 720, 36, 110]",720,1280,56.81818182,70.34285714,56.30555556,61.90909091,185,yfcc-batch1/783/image_00185,387,899,29,317,0,185,0,1280,0,720,7,81,350,862,432,720,36,110,0,0,720,1280,0,185,FALSE,FALSE
yfcc-batch1/785,"[714, 1226, 398, 686, 0, 204]","[0, 1280, 0, 720, 101, 183]","[0, 512, 432, 720, 83, 164]",720,1280,61.5,68.03030303,70.05882353,79.125,204,yfcc-batch1/785/image_00204,714,1226,398,686,0,204,0,1280,0,720,101,183,0,512,432,720,83,164,0,0,720,1280,0,204,FALSE,FALSE
yfcc-batch1/784,"[353, 865, 375, 663, 0, 179]","[0, 1280, 0, 720, 89, 160]","[768, 1280, 110, 398, 65, 137]",720,1280,59.46875,72.80555556,60.55555556,71.1875,179,yfcc-batch1/784/image_00179,353,865,375,663,0,179,0,1280,0,720,89,160,768,1280,110,398,65,137,0,0,720,1280,0,179,FALSE,FALSE
yfcc-batch1/782,"[112, 624, 101, 389, 0, 200]","[0, 1280, 0, 720, 24, 104]","[398, 910, 0, 288, 77, 157]",720,1280,62.97142857,67.60606061,65.45714286,76.03125,200,yfcc-batch1/782/image_00200,112,624,101,389,0,200,0,1280,0,720,24,104,398,910,0,288,77,157,0,0,720,1280,0,200,FALSE,FALSE
yfcc-batch1/790,"[23, 535, 157, 445, 0, 196]","[0, 1280, 0, 720, 24, 102]","[406, 918, 178, 466, 0, 79]",720,1280,56.70588235,72.7,69.28947368,77.06451613,196,yfcc-batch1/790/image_00196,23,535,157,445,0,196,0,1280,0,720,24,102,406,918,178,466,0,79,0,0,720,1280,0,196,FALSE,FALSE
yfcc-batch1/792,"[628, 1140, 281, 569, 0, 192]","[0, 1280, 0, 720, 85, 162]","[88, 600, 190, 478, 116, 192]",720,1280,62.15625,65.8,70.43333333,68.33333333,192,yfcc-batch1/792/image_00192,628,1140,281,569,0,192,0,1280,0,720,85,162,88,600,190,478,116,192,0,0,720,1280,0,192,FALSE,FALSE
yfcc-batch1/788,"[81, 593, 96, 384, 0, 200]","[0, 1280, 0, 720, 87, 167]","[256, 768, 382, 670, 45, 125]",720,1280,61.52941176,71.18181818,70.05882353,77.92592593,200,yfcc-batch1/788/image_00200,81,593,96,384,0,200,0,1280,0,720,87,167,256,768,382,670,45,125,0,0,720,1280,0,200,FALSE,FALSE
yfcc-batch1/797,"[379, 891, 322, 610, 0, 200]","[0, 1280, 0, 720, 105, 185]","[432, 944, 0, 288, 19, 99]",720,1280,61.78787879,67.23529412,57.60606061,61.88235294,200,yfcc-batch1/797/image_00200,379,891,322,610,0,200,0,1280,0,720,105,185,432,944,0,288,19,99,0,0,720,1280,0,200,FALSE,FALSE
yfcc-batch1/806,"[197, 709, 407, 695, 0, 181]","[0, 1280, 0, 720, 91, 163]","[0, 512, 0, 288, 0, 72]",720,1280,59.08571429,65.65714286,46.02857143,71.11538462,180,yfcc-batch1/806/image_00180,197,709,407,695,0,181,0,1280,0,720,91,163,0,512,0,288,0,72,0,0,720,1280,0,180,FALSE,FALSE
yfcc-batch1/808,"[98, 610, 396, 684, 0, 210]","[0, 1280, 0, 720, 77, 161]","[0, 512, 338, 626, 73, 157]",720,1280,55.34285714,65.14705882,60.35483871,64.96969697,210,yfcc-batch1/808/image_00210,98,610,396,684,0,210,0,1280,0,720,77,161,0,512,338,626,73,157,0,0,720,1280,0,210,FALSE,FALSE
yfcc-batch1/811,"[85, 597, 216, 503, 0, 200]","[0, 1280, 0, 720, 16, 96]","[746, 1258, 406, 694, 56, 136]",720,1280,61.73529412,60.93939394,53.28571429,61.35483871,199,yfcc-batch1/811/image_00199,85,597,216,503,0,200,0,1280,0,720,16,96,746,1258,406,694,56,136,0,0,720,1280,0,199,FALSE,FALSE
yfcc-batch1/807,"[682, 1194, 122, 410, 0, 204]","[0, 1280, 0, 720, 99, 180]","[390, 902, 0, 288, 0, 82]",720,1280,49.58823529,70.81818182,59.36842105,64.53125,203,yfcc-batch1/807/image_00203,682,1194,122,410,0,204,0,1280,0,720,99,180,390,902,0,288,0,82,0,0,720,1280,0,203,FALSE,FALSE
yfcc-batch1/810,"[4, 516, 379, 667, 0, 179]","[0, 1280, 0, 720, 92, 164]","[198, 710, 0, 288, 108, 179]",720,1280,38.71052632,52.97058824,26.8,46.42424242,179,yfcc-batch1/810/image_00179,4,516,379,667,0,179,0,1280,0,720,92,164,198,710,0,288,108,179,0,0,720,1280,0,179,FALSE,FALSE
yfcc-batch1/809,"[555, 1067, 136, 424, 0, 181]","[0, 1280, 0, 720, 26, 97]","[376, 888, 432, 720, 0, 73]",720,1280,54,58.90909091,51.05882353,54.78787879,181,yfcc-batch1/809/image_00181,555,1067,136,424,0,181,0,1280,0,720,26,97,376,888,432,720,0,73,0,0,720,1280,0,181,FALSE,FALSE
yfcc-batch1/816,"[509, 1021, 161, 449, 0, 214]","[0, 1280, 0, 720, 109, 195]","[192, 704, 338, 626, 36, 121]",720,1280,67.88571429,70.93333333,76.4375,72.97142857,213,yfcc-batch1/816/image_00213,509,1021,161,449,0,214,0,1280,0,720,109,195,192,704,338,626,36,121,0,0,720,1280,0,213,FALSE,FALSE
yfcc-batch1/1,"[469, 981, 364, 652, 0, 187]","[0, 1280, 0, 720, 108, 183]","[322, 834, 392, 680, 0, 74]",720,1280,45.22857143,45.94117647,42.70588235,43.83870968,187,yfcc-batch1/1/image_00187,469,981,364,652,0,187,0,1280,0,720,108,183,322,834,392,680,0,74,0,0,720,1280,0,187,FALSE,FALSE
yfcc-batch1/7,"[698, 1210, 205, 493, 0, 177]","[0, 1280, 0, 720, 4, 74]","[352, 864, 0, 288, 1, 72]",720,1280,52.11428571,60.82352941,65.0625,55.08823529,177,yfcc-batch1/7/image_00177,698,1210,205,493,0,177,0,1280,0,720,4,74,352,864,0,288,1,72,0,0,720,1280,0,177,FALSE,FALSE
yfcc-batch1/5,"[392, 904, 77, 365, 0, 172]","[0, 1280, 0, 720, 96, 165]","[0, 512, 0, 288, 98, 167]",720,1280,55.02857143,55.81081081,58.61764706,54.66666667,172,yfcc-batch1/5/image_00172,392,904,77,365,0,172,0,1280,0,720,96,165,0,512,0,288,98,167,0,0,720,1280,0,172,FALSE,FALSE
yfcc-batch1/2,"[426, 938, 345, 633, 0, 210]","[0, 1280, 0, 720, 110, 194]","[72, 584, 432, 720, 48, 132]",720,1280,57.47222222,65.44117647,61.3030303,73.47222222,210,yfcc-batch1/2/image_00210,426,938,345,633,0,210,0,1280,0,720,110,194,72,584,432,720,48,132,0,0,720,1280,0,210,FALSE,FALSE
yfcc-batch1/11,"[687, 1199, 407, 695, 0, 171]","[0, 1280, 0, 720, 21, 90]","[268, 780, 218, 506, 6, 74]",720,1280,36.06451613,60.82857143,55.08333333,56.31034483,171,yfcc-batch1/11/image_00171,687,1199,407,695,0,171,0,1280,0,720,21,90,268,780,218,506,6,74,0,0,720,1280,0,171,FALSE,FALSE
yfcc-batch1/9,"[366, 878, 368, 657, 0, 202]","[0, 1280, 0, 720, 103, 184]","[0, 512, 274, 562, 109, 190]",720,1280,62.94285714,64.97058824,55.56666667,59.36666667,201,yfcc-batch1/9/image_00201,366,878,368,657,0,202,0,1280,0,720,103,184,0,512,274,562,109,190,0,0,720,1280,0,201,FALSE,FALSE
yfcc-batch1/16,"[79, 591, 110, 398, 0, 184]","[0, 1280, 0, 720, 29, 102]","[170, 682, 278, 566, 111, 184]",720,1280,70.26666667,71.78125,67.54545455,80.97142857,185,yfcc-batch1/16/image_00185,79,591,110,398,0,184,0,1280,0,720,29,102,170,682,278,566,111,184,0,0,720,1280,0,185,FALSE,FALSE
yfcc-batch1/23,"[199, 711, 119, 407, 0, 200]","[0, 1280, 0, 720, 93, 173]","[632, 1144, 0, 288, 68, 148]",720,1280,58.41935484,57.38888889,57.96969697,65.6,199,yfcc-batch1/23/image_00199,199,711,119,407,0,200,0,1280,0,720,93,173,632,1144,0,288,68,148,0,0,720,1280,0,199,FALSE,FALSE
yfcc-batch1/31,"[766, 1278, 156, 444, 0, 244]","[0, 1280, 0, 720, 16, 114]","[174, 686, 356, 644, 72, 170]",720,1280,64.83783784,76.94594595,63.81081081,86.54545455,244,yfcc-batch1/31/image_00244,766,1278,156,444,0,244,0,1280,0,720,16,114,174,686,356,644,72,170,0,0,720,1280,0,244,FALSE,FALSE
yfcc-batch1/40,"[593, 1105, 217, 504, 0, 204]","[0, 1280, 0, 720, 115, 196]","[768, 1280, 432, 720, 0, 82]",720,1280,69,72.25714286,69.46666667,76.86111111,204,yfcc-batch1/40/image_00204,593,1105,217,504,0,204,0,1280,0,720,115,196,768,1280,432,720,0,82,0,0,720,1280,0,204,FALSE,FALSE
yfcc-batch1/45,"[3, 515, 37, 325, 0, 214]","[0, 1280, 0, 720, 119, 205]","[762, 1274, 0, 288, 11, 97]",720,1280,68.77419355,72.33333333,71.84375,82.85294118,214,yfcc-batch1/45/image_00214,3,515,37,325,0,214,0,1280,0,720,119,205,762,1274,0,288,11,97,0,0,720,1280,0,214,FALSE,FALSE
yfcc-batch1/41,"[751, 1263, 17, 305, 0, 212]","[0, 1280, 0, 720, 123, 208]","[36, 548, 0, 288, 128, 212]",720,1280,39.17142857,50.25,38.62857143,41.09090909,212,yfcc-batch1/41/image_00212,751,1263,17,305,0,212,0,1280,0,720,123,208,36,548,0,288,128,212,0,0,720,1280,0,212,FALSE,FALSE
yfcc-batch1/51,"[700, 1212, 193, 480, 0, 247]","[0, 1280, 0, 720, 107, 206]","[740, 1252, 0, 288, 0, 99]",720,1280,60.22222222,62.66666667,57.2,72.06451613,247,yfcc-batch1/51/image_00247,700,1212,193,480,0,247,0,1280,0,720,107,206,740,1252,0,288,0,99,0,0,720,1280,0,247,FALSE,FALSE
yfcc-batch1/58,"[653, 1165, 386, 674, 0, 192]","[0, 1280, 0, 720, 70, 147]","[726, 1238, 432, 720, 34, 111]",720,1280,60.58333333,70.70967742,62.94117647,76.48484848,192,yfcc-batch1/58/image_00192,653,1165,386,674,0,192,0,1280,0,720,70,147,726,1238,432,720,34,111,0,0,720,1280,0,192,FALSE,FALSE
yfcc-batch1/57,"[331, 843, 108, 396, 0, 206]","[0, 1280, 0, 720, 0, 83]","[494, 1006, 316, 604, 124, 206]",720,1280,45,53.51428571,53.22580645,57.31428571,206,yfcc-batch1/57/image_00206,331,843,108,396,0,206,0,1280,0,720,0,83,494,1006,316,604,124,206,0,0,720,1280,0,206,FALSE,FALSE
yfcc-batch1/70,"[653, 1165, 295, 583, 0, 200]","[0, 1280, 0, 720, 28, 109]","[768, 1280, 72, 360, 65, 145]",720,1280,73.23529412,79.65714286,71.75,84.88888889,200,yfcc-batch1/70/image_00200,653,1165,295,583,0,200,0,1280,0,720,28,109,768,1280,72,360,65,145,0,0,720,1280,0,200,FALSE,FALSE
yfcc-batch1/71,"[218, 730, 31, 319, 0, 204]","[0, 1280, 0, 720, 1, 83]","[512, 1024, 364, 652, 45, 126]",720,1280,64.78787879,73.14705882,71.4137931,84.5483871,203,yfcc-batch1/71/image_00203,218,730,31,319,0,204,0,1280,0,720,1,83,512,1024,364,652,45,126,0,0,720,1280,0,203,FALSE,FALSE
yfcc-batch1/72,"[574, 1086, 114, 403, 0, 252]","[0, 1280, 0, 720, 23, 124]","[768, 1280, 186, 474, 44, 145]",720,1280,38.33333333,58.53125,38,61.10810811,252,yfcc-batch1/72/image_00252,574,1086,114,403,0,252,0,1280,0,720,23,124,768,1280,186,474,44,145,0,0,720,1280,0,252,FALSE,FALSE
yfcc-batch1/80,"[234, 746, 291, 579, 0, 210]","[0, 1280, 0, 720, 9, 93]","[298, 810, 288, 576, 125, 209]",720,1280,53.51428571,59.44117647,42.9375,53.72222222,209,yfcc-batch1/80/image_00209,234,746,291,579,0,210,0,1280,0,720,9,93,298,810,288,576,125,209,0,0,720,1280,0,209,FALSE,FALSE
yfcc-batch1/79,"[181, 693, 146, 434, 0, 244]","[0, 1280, 0, 720, 126, 223]","[0, 512, 202, 490, 65, 163]",720,1280,57,63.79411765,60.91666667,65.28125,245,yfcc-batch1/79/image_00245,181,693,146,434,0,244,0,1280,0,720,126,223,0,512,202,490,65,163,0,0,720,1280,0,245,FALSE,FALSE
yfcc-batch1/85,"[557, 1069, 24, 312, 0, 240]","[0, 1280, 0, 720, 4, 100]","[614, 1126, 298, 586, 136, 232]",720,1280,68.62857143,73.4,68,80,240,yfcc-batch1/85/image_00240,557,1069,24,312,0,240,0,1280,0,720,4,100,614,1126,298,586,136,232,0,0,720,1280,0,240,FALSE,FALSE
yfcc-batch1/87,"[98, 610, 351, 639, 0, 227]","[0, 1280, 0, 720, 74, 165]","[624, 1136, 278, 566, 82, 173]",720,1280,66.34285714,68.05714286,66.6969697,78.66666667,227,yfcc-batch1/87/image_00227,98,610,351,639,0,227,0,1280,0,720,74,165,624,1136,278,566,82,173,0,0,720,1280,0,227,FALSE,FALSE
yfcc-batch1/90,"[295, 807, 353, 641, 0, 200]","[0, 1280, 0, 720, 0, 80]","[244, 756, 140, 428, 114, 194]",720,1280,42.36111111,58.83783784,57.125,57.52941176,199,yfcc-batch1/90/image_00199,295,807,353,641,0,200,0,1280,0,720,0,80,244,756,140,428,114,194,0,0,720,1280,0,199,FALSE,FALSE
yfcc-batch1/89,"[666, 1178, 116, 404, 0, 228]","[0, 1280, 0, 720, 14, 106]","[520, 1032, 298, 586, 101, 192]",720,1280,67.54545455,75.19444444,69.47222222,78.90625,228,yfcc-batch1/89/image_00228,666,1178,116,404,0,228,0,1280,0,720,14,106,520,1032,298,586,101,192,0,0,720,1280,0,228,FALSE,FALSE
yfcc-batch1/96,"[312, 824, 30, 318, 0, 196]","[0, 1280, 0, 720, 68, 146]","[472, 984, 4, 292, 0, 78]",720,1280,62.30555556,67.21212121,69.29032258,66.4516129,196,yfcc-batch1/96/image_00196,312,824,30,318,0,196,0,1280,0,720,68,146,472,984,4,292,0,78,0,0,720,1280,0,196,FALSE,FALSE
yfcc-batch1/102,"[145, 657, 238, 526, 0, 199]","[0, 1280, 0, 720, 78, 158]","[372, 884, 396, 684, 9, 89]",720,1280,36.66666667,49.27777778,46.47368421,40.68571429,199,yfcc-batch1/102/image_00199,145,657,238,526,0,199,0,1280,0,720,78,158,372,884,396,684,9,89,0,0,720,1280,0,199,FALSE,FALSE
yfcc-batch1/103,"[511, 1023, 254, 542, 0, 192]","[0, 1280, 0, 720, 13, 90]","[668, 1180, 432, 720, 49, 126]",720,1280,63.42857143,59.75,58.82352941,65,192,yfcc-batch1/103/image_00192,511,1023,254,542,0,192,0,1280,0,720,13,90,668,1180,432,720,49,126,0,0,720,1280,0,192,FALSE,FALSE
yfcc-batch1/100,"[705, 1217, 57, 345, 0, 194]","[0, 1280, 0, 720, 17, 94]","[590, 1102, 432, 720, 101, 179]",720,1280,76.96875,75.09677419,64.81081081,77.78378378,194,yfcc-batch1/100/image_00194,705,1217,57,345,0,194,0,1280,0,720,17,94,590,1102,432,720,101,179,0,0,720,1280,0,194,FALSE,FALSE
yfcc-batch1/111,"[533, 1045, 233, 521, 0, 241]","[0, 1280, 0, 720, 99, 196]","[0, 512, 222, 510, 8, 104]",720,1280,46.81818182,50.62857143,46.72972973,48.84375,242,yfcc-batch1/111/image_00242,533,1045,233,521,0,241,0,1280,0,720,99,196,0,512,222,510,8,104,0,0,720,1280,0,242,FALSE,FALSE
yfcc-batch1/109,"[410, 922, 204, 492, 0, 194]","[0, 1280, 0, 720, 113, 191]","[768, 1280, 0, 288, 116, 193]",720,1280,71.06060606,72.58064516,67.30555556,82.31034483,193,yfcc-batch1/109/image_00193,410,922,204,492,0,194,0,1280,0,720,113,191,768,1280,0,288,116,193,0,0,720,1280,0,193,FALSE,FALSE
yfcc-batch1/105,"[60, 348, 367, 879, 0, 212]","[0, 720, 0, 1280, 28, 112]","[432, 720, 0, 512, 127, 212]",1280,720,56.15625,62.36842105,59.51612903,63.3030303,212,yfcc-batch1/105/image_00212,60,348,367,879,0,212,0,720,0,1280,28,112,432,720,0,512,127,212,0,0,1280,720,0,212,FALSE,FALSE
yfcc-batch1/106,"[308, 820, 127, 414, 0, 192]","[0, 1280, 0, 720, 37, 114]","[570, 1082, 318, 606, 115, 192]",720,1280,49,52.72222222,43.94117647,44.08823529,192,yfcc-batch1/106/image_00192,308,820,127,414,0,192,0,1280,0,720,37,114,570,1082,318,606,115,192,0,0,720,1280,0,192,FALSE,FALSE
yfcc-batch1/112,"[639, 1151, 163, 451, 0, 225]","[0, 1280, 0, 720, 18, 108]","[526, 1038, 0, 288, 135, 225]",720,1280,47.16129032,53.73529412,50.66666667,52.17142857,225,yfcc-batch1/112/image_00225,639,1151,163,451,0,225,0,1280,0,720,18,108,526,1038,0,288,135,225,0,0,720,1280,0,225,FALSE,FALSE
yfcc-batch1/113,"[294, 806, 275, 563, 0, 269]","[0, 1280, 0, 720, 104, 212]","[0, 512, 432, 720, 63, 171]",720,1280,73.20588235,69.91666667,60.73529412,73.78125,270,yfcc-batch1/113/image_00270,294,806,275,563,0,269,0,1280,0,720,104,212,0,512,432,720,63,171,0,0,720,1280,0,270,FALSE,FALSE
yfcc-batch1/117,"[555, 1067, 350, 638, 0, 184]","[0, 1280, 0, 720, 95, 169]","[254, 766, 334, 622, 7, 80]",720,1280,58.09090909,65.94117647,51.52941176,64.26923077,184,yfcc-batch1/117/image_00184,555,1067,350,638,0,184,0,1280,0,720,95,169,254,766,334,622,7,80,0,0,720,1280,0,184,FALSE,FALSE
yfcc-batch1/122,"[81, 593, 216, 503, 0, 250]","[0, 1280, 0, 720, 27, 127]","[768, 1280, 0, 288, 29, 129]",720,1280,36.61290323,45.2,43.35294118,44.92857143,251,yfcc-batch1/122/image_00251,81,593,216,503,0,250,0,1280,0,720,27,127,768,1280,0,288,29,129,0,0,720,1280,0,251,FALSE,FALSE
yfcc-batch1/130,"[750, 1262, 0, 288, 0, 219]","[0, 1280, 0, 720, 8, 95]","[718, 1230, 142, 430, 58, 146]",720,1280,55.51515152,55.75675676,58.48484848,57.28125,219,yfcc-batch1/130/image_00219,750,1262,0,288,0,219,0,1280,0,720,8,95,718,1230,142,430,58,146,0,0,720,1280,0,219,FALSE,FALSE
yfcc-batch1/133,"[735, 1247, 46, 334, 0, 210]","[0, 1280, 0, 720, 34, 118]","[0, 512, 38, 326, 126, 210]",720,1280,56.4516129,61.88888889,43.75,50.475,211,yfcc-batch1/133/image_00211,735,1247,46,334,0,210,0,1280,0,720,34,118,0,512,38,326,126,210,0,0,720,1280,0,211,FALSE,FALSE
yfcc-batch1/131,"[432, 944, 9, 297, 0, 240]","[0, 1280, 0, 720, 33, 129]","[0, 512, 48, 336, 144, 240]",720,1280,74.5625,67.73529412,55.83870968,73.05405405,240,yfcc-batch1/131/image_00240,432,944,9,297,0,240,0,1280,0,720,33,129,0,512,48,336,144,240,0,0,720,1280,0,240,FALSE,FALSE
yfcc-batch1/139,"[662, 1174, 310, 598, 0, 269]","[0, 1280, 0, 720, 3, 110]","[44, 556, 0, 288, 0, 108]",720,1280,62.96875,65.59375,67.74285714,70.85714286,270,yfcc-batch1/139/image_00270,662,1174,310,598,0,269,0,1280,0,720,3,110,44,556,0,288,0,108,0,0,720,1280,0,270,FALSE,FALSE
yfcc-batch1/138,"[90, 602, 2, 290, 0, 247]","[0, 1280, 0, 720, 17, 116]","[500, 1012, 432, 720, 36, 135]",720,1280,62.96875,66.52941176,63.36363636,79.44827586,247,yfcc-batch1/138/image_00247,90,602,2,290,0,247,0,1280,0,720,17,116,500,1012,432,720,36,135,0,0,720,1280,0,247,FALSE,FALSE
yfcc-batch1/140,"[152, 664, 202, 490, 0, 240]","[0, 1280, 0, 720, 50, 146]","[674, 1186, 0, 288, 143, 239]",720,1280,56.51428571,73.64705882,63.3030303,70,239,yfcc-batch1/140/image_00239,152,664,202,490,0,240,0,1280,0,720,50,146,674,1186,0,288,143,239,0,0,720,1280,0,239,FALSE,FALSE
yfcc-batch1/137,"[50, 562, 385, 673, 0, 223]","[0, 1280, 0, 720, 131, 220]","[768, 1280, 432, 720, 0, 89]",720,1280,67.16129032,59.47058824,61.27272727,72.11428571,222,yfcc-batch1/137/image_00222,50,562,385,673,0,223,0,1280,0,720,131,220,768,1280,432,720,0,89,0,0,720,1280,0,222,FALSE,FALSE
yfcc-batch1/144,"[524, 1036, 107, 395, 0, 194]","[0, 1280, 0, 720, 76, 154]","[768, 1280, 6, 294, 116, 194]",720,1280,58.66666667,65.88888889,66.61290323,71,195,yfcc-batch1/144/image_00195,524,1036,107,395,0,194,0,1280,0,720,76,154,768,1280,6,294,116,194,0,0,720,1280,0,195,FALSE,FALSE
yfcc-batch1/146,"[196, 708, 335, 623, 0, 220]","[0, 1280, 0, 720, 111, 200]","[768, 1280, 132, 420, 1, 89]",720,1280,62.75757576,68,60.40625,68.45454545,221,yfcc-batch1/146/image_00221,196,708,335,623,0,220,0,1280,0,720,111,200,768,1280,132,420,1,89,0,0,720,1280,0,221,FALSE,FALSE
yfcc-batch1/145,"[599, 1111, 122, 410, 0, 252]","[0, 1280, 0, 720, 128, 229]","[0, 512, 0, 288, 0, 101]",720,1280,31.35483871,48.85294118,33.66666667,35.35294118,252,yfcc-batch1/145/image_00252,599,1111,122,410,0,252,0,1280,0,720,128,229,0,512,0,288,0,101,0,0,720,1280,0,252,FALSE,FALSE
yfcc-batch1/141,"[108, 620, 351, 639, 0, 244]","[0, 1280, 0, 720, 135, 232]","[768, 1280, 18, 306, 102, 200]",720,1280,47.96774194,53.57142857,50.27272727,59.16666667,245,yfcc-batch1/141/image_00245,108,620,351,639,0,244,0,1280,0,720,135,232,768,1280,18,306,102,200,0,0,720,1280,0,245,FALSE,FALSE
yfcc-batch1/147,"[147, 659, 65, 353, 0, 211]","[0, 1280, 0, 720, 105, 189]","[602, 1114, 0, 288, 98, 182]",720,1280,62.625,68.4375,67.75757576,70.25806452,211,yfcc-batch1/147/image_00211,147,659,65,353,0,211,0,1280,0,720,105,189,602,1114,0,288,98,182,0,0,720,1280,0,211,FALSE,FALSE
yfcc-batch1/149,"[39, 551, 323, 611, 0, 241]","[0, 1280, 0, 720, 130, 227]","[754, 1266, 154, 442, 0, 97]",720,1280,58.03125,67.69444444,58.2,76.03225806,241,yfcc-batch1/149/image_00241,39,551,323,611,0,241,0,1280,0,720,130,227,754,1266,154,442,0,97,0,0,720,1280,0,241,FALSE,FALSE
yfcc-batch1/153,"[11, 523, 122, 410, 0, 168]","[0, 1280, 0, 720, 16, 83]","[592, 1104, 0, 288, 29, 96]",720,1280,59,68.27777778,63.52941176,68.16666667,167,yfcc-batch1/153/image_00167,11,523,122,410,0,168,0,1280,0,720,16,83,592,1104,0,288,29,96,0,0,720,1280,0,167,FALSE,FALSE
yfcc-batch1/148,"[409, 921, 71, 359, 0, 241]","[0, 1280, 0, 720, 141, 237]","[556, 1068, 76, 364, 63, 159]",720,1280,60.09090909,62.125,69,68,241,yfcc-batch1/148/image_00241,409,921,71,359,0,241,0,1280,0,720,141,237,556,1068,76,364,63,159,0,0,720,1280,0,241,FALSE,FALSE
yfcc-batch1/150,"[424, 936, 160, 448, 0, 196]","[0, 1280, 0, 720, 103, 182]","[598, 1110, 432, 720, 56, 134]",720,1280,58.80645161,63.29032258,60.58823529,64.11111111,197,yfcc-batch1/150/image_00197,424,936,160,448,0,196,0,1280,0,720,103,182,598,1110,432,720,56,134,0,0,720,1280,0,197,FALSE,FALSE
yfcc-batch1/156,"[628, 1140, 0, 288, 0, 240]","[0, 1280, 0, 720, 21, 117]","[244, 756, 432, 720, 54, 150]",720,1280,47.87878788,58.88235294,55.05714286,55.21875,240,yfcc-batch1/156/image_00240,628,1140,0,288,0,240,0,1280,0,720,21,117,244,756,432,720,54,150,0,0,720,1280,0,240,FALSE,FALSE
yfcc-batch1/157,"[239, 751, 168, 456, 0, 210]","[0, 1280, 0, 720, 93, 177]","[0, 512, 432, 720, 126, 210]",720,1280,53.9375,55.97368421,56.23529412,66.10714286,210,yfcc-batch1/157/image_00210,239,751,168,456,0,210,0,1280,0,720,93,177,0,512,432,720,126,210,0,0,720,1280,0,210,FALSE,FALSE
yfcc-batch1/160,"[475, 987, 47, 335, 0, 196]","[0, 1280, 0, 720, 66, 144]","[0, 512, 0, 288, 105, 183]",720,1280,59.15151515,60.94444444,65.97058824,60.80555556,196,yfcc-batch1/160/image_00196,475,987,47,335,0,196,0,1280,0,720,66,144,0,512,0,288,105,183,0,0,720,1280,0,196,FALSE,FALSE
yfcc-batch1/155,"[732, 1244, 365, 653, 0, 192]","[0, 1280, 0, 720, 116, 192]","[14, 526, 54, 342, 25, 101]",720,1280,55.90909091,69.36111111,70.64516129,77.22580645,192,yfcc-batch1/155/image_00192,732,1244,365,653,0,192,0,1280,0,720,116,192,14,526,54,342,25,101,0,0,720,1280,0,192,FALSE,FALSE
yfcc-batch1/158,"[691, 1203, 62, 350, 0, 214]","[0, 1280, 0, 720, 7, 93]","[112, 624, 432, 720, 76, 162]",720,1280,54.77419355,62.03333333,60.47058824,61.14285714,214,yfcc-batch1/158/image_00214,691,1203,62,350,0,214,0,1280,0,720,7,93,112,624,432,720,76,162,0,0,720,1280,0,214,FALSE,FALSE
yfcc-batch1/162,"[271, 783, 111, 399, 0, 172]","[0, 1280, 0, 720, 22, 91]","[736, 1248, 0, 288, 0, 69]",720,1280,57.03125,68.42424242,51.54285714,64.32432432,172,yfcc-batch1/162/image_00172,271,783,111,399,0,172,0,1280,0,720,22,91,736,1248,0,288,0,69,0,0,720,1280,0,172,FALSE,FALSE
yfcc-batch1/167,"[394, 906, 154, 442, 0, 211]","[0, 1280, 0, 720, 47, 131]","[768, 1280, 0, 288, 110, 194]",720,1280,58.94444444,57.96875,63.94117647,62.53125,211,yfcc-batch1/167/image_00211,394,906,154,442,0,211,0,1280,0,720,47,131,768,1280,0,288,110,194,0,0,720,1280,0,211,FALSE,FALSE
yfcc-batch1/165,"[637, 1149, 80, 368, 0, 192]","[0, 1280, 0, 720, 105, 182]","[0, 512, 24, 312, 24, 101]",720,1280,58.5625,59.17142857,60.66666667,70.77777778,192,yfcc-batch1/165/image_00192,637,1149,80,368,0,192,0,1280,0,720,105,182,0,512,24,312,24,101,0,0,720,1280,0,192,FALSE,FALSE
yfcc-batch1/161,"[142, 654, 53, 341, 0, 186]","[0, 1280, 0, 720, 17, 91]","[744, 1256, 166, 454, 1, 75]",720,1280,61.33333333,72.67567568,62.11428571,72.22857143,186,yfcc-batch1/161/image_00186,142,654,53,341,0,186,0,1280,0,720,17,91,744,1256,166,454,1,75,0,0,720,1280,0,186,FALSE,FALSE
yfcc-batch1/164,"[652, 1164, 432, 720, 0, 240]","[0, 1280, 0, 720, 114, 210]","[398, 910, 64, 352, 42, 138]",720,1280,60.06060606,59.92105263,64.58333333,70.24324324,240,yfcc-batch1/164/image_00240,652,1164,432,720,0,240,0,1280,0,720,114,210,398,910,64,352,42,138,0,0,720,1280,0,240,FALSE,FALSE
yfcc-batch1/166,"[148, 660, 96, 384, 0, 216]","[0, 1280, 0, 720, 50, 136]","[768, 1280, 0, 288, 81, 167]",720,1280,59.90909091,63.62857143,59.77419355,68.25,217,yfcc-batch1/166/image_00217,148,660,96,384,0,216,0,1280,0,720,50,136,768,1280,0,288,81,167,0,0,720,1280,0,217,FALSE,FALSE
yfcc-batch1/169,"[114, 626, 215, 503, 0, 244]","[0, 1280, 0, 720, 3, 100]","[768, 1280, 92, 380, 91, 189]",720,1280,60.48571429,61,65.35483871,65.3125,245,yfcc-batch1/169/image_00245,114,626,215,503,0,244,0,1280,0,720,3,100,768,1280,92,380,91,189,0,0,720,1280,0,245,FALSE,FALSE
yfcc-batch1/175,"[268, 780, 45, 333, 0, 204]","[0, 1280, 0, 720, 36, 116]","[286, 798, 0, 288, 123, 204]",720,1280,63.57575758,67.84375,61.26470588,62.59375,204,yfcc-batch1/175/image_00204,268,780,45,333,0,204,0,1280,0,720,36,116,286,798,0,288,123,204,0,0,720,1280,0,204,FALSE,FALSE
yfcc-batch1/174,"[272, 784, 161, 449, 0, 244]","[0, 1280, 0, 720, 126, 225]","[764, 1276, 0, 288, 147, 244]",720,1280,63.61290323,67.5,65.13888889,75.1875,245,yfcc-batch1/174/image_00245,272,784,161,449,0,244,0,1280,0,720,126,225,764,1276,0,288,147,244,0,0,720,1280,0,245,FALSE,FALSE
yfcc-batch1/168,"[203, 715, 207, 496, 0, 214]","[0, 1280, 0, 720, 92, 178]","[500, 1012, 0, 288, 72, 158]",720,1280,57.64705882,66.70588235,67.12121212,67.4,215,yfcc-batch1/168/image_00215,203,715,207,496,0,214,0,1280,0,720,92,178,500,1012,0,288,72,158,0,0,720,1280,0,215,FALSE,FALSE
yfcc-batch1/170,"[603, 1115, 178, 466, 0, 214]","[0, 1280, 0, 720, 123, 208]","[554, 1066, 0, 288, 106, 191]",720,1280,56.85294118,58.83333333,60.375,60.92105263,215,yfcc-batch1/170/image_00215,603,1115,178,466,0,214,0,1280,0,720,123,208,554,1066,0,288,106,191,0,0,720,1280,0,215,FALSE,FALSE
yfcc-batch1/182,"[81, 593, 237, 525, 0, 171]","[0, 1280, 0, 720, 20, 88]","[700, 1212, 222, 510, 0, 68]",720,1280,43.57575758,57.52941176,38.96875,50.63888889,171,yfcc-batch1/182/image_00171,81,593,237,525,0,171,0,1280,0,720,20,88,700,1212,222,510,0,68,0,0,720,1280,0,171,FALSE,FALSE
yfcc-batch1/184,"[105, 617, 272, 560, 0, 184]","[0, 1280, 0, 720, 60, 134]","[768, 1280, 100, 388, 77, 150]",720,1280,67.21212121,61.38235294,65.37142857,68.12903226,185,yfcc-batch1/184/image_00185,105,617,272,560,0,184,0,1280,0,720,60,134,768,1280,100,388,77,150,0,0,720,1280,0,185,FALSE,FALSE
yfcc-batch1/183,"[701, 1213, 299, 587, 0, 210]","[0, 1280, 0, 720, 96, 180]","[0, 512, 0, 288, 126, 210]",720,1280,67.42424242,61.73529412,62.38888889,69.9,211,yfcc-batch1/183/image_00211,701,1213,299,587,0,210,0,1280,0,720,96,180,0,512,0,288,126,210,0,0,720,1280,0,211,FALSE,FALSE
yfcc-batch1/188,"[740, 1252, 399, 687, 0, 216]","[0, 1280, 0, 720, 88, 175]","[768, 1280, 14, 302, 5, 91]",720,1280,61.02857143,66.44444444,69.96666667,68.85294118,216,yfcc-batch1/188/image_00216,740,1252,399,687,0,216,0,1280,0,720,88,175,768,1280,14,302,5,91,0,0,720,1280,0,216,FALSE,FALSE
yfcc-batch1/185,"[174, 686, 367, 655, 0, 214]","[0, 1280, 0, 720, 81, 167]","[0, 512, 98, 386, 129, 214]",720,1280,65.09090909,69.31428571,69.81818182,70.54054054,214,yfcc-batch1/185/image_00214,174,686,367,655,0,214,0,1280,0,720,81,167,0,512,98,386,129,214,0,0,720,1280,0,214,FALSE,FALSE
yfcc-batch1/191,"[534, 1046, 402, 690, 0, 169]","[0, 1280, 0, 720, 27, 95]","[504, 1016, 0, 288, 77, 144]",720,1280,35.41176471,50.09375,36.3030303,44.96875,169,yfcc-batch1/191/image_00169,534,1046,402,690,0,169,0,1280,0,720,27,95,504,1016,0,288,77,144,0,0,720,1280,0,169,FALSE,FALSE
yfcc-batch1/189,"[433, 945, 27, 315, 0, 192]","[0, 1280, 0, 720, 12, 88]","[514, 1026, 0, 288, 69, 146]",720,1280,59.53125,69,63.7,78.77419355,192,yfcc-batch1/189/image_00192,433,945,27,315,0,192,0,1280,0,720,12,88,514,1026,0,288,69,146,0,0,720,1280,0,192,FALSE,FALSE
yfcc-batch1/186,"[162, 674, 102, 390, 0, 241]","[0, 1280, 0, 720, 6, 102]","[54, 566, 0, 288, 67, 163]",720,1280,63.96875,60.72727273,65.9,65.4,241,yfcc-batch1/186/image_00241,162,674,102,390,0,241,0,1280,0,720,6,102,54,566,0,288,67,163,0,0,720,1280,0,241,FALSE,FALSE
yfcc-batch1/190,"[371, 883, 425, 713, 0, 240]","[0, 1280, 0, 720, 103, 199]","[694, 1206, 266, 554, 144, 240]",720,1280,61.85294118,53,47.47058824,62.61290323,240,yfcc-batch1/190/image_00240,371,883,425,713,0,240,0,1280,0,720,103,199,694,1206,266,554,144,240,0,0,720,1280,0,240,FALSE,FALSE
yfcc-batch1/199,"[554, 1066, 333, 621, 0, 214]","[0, 1280, 0, 720, 0, 85]","[428, 940, 324, 612, 43, 129]",720,1280,61.45454545,72.25714286,55.64102564,68.75757576,213,yfcc-batch1/199/image_00213,554,1066,333,621,0,214,0,1280,0,720,0,85,428,940,324,612,43,129,0,0,720,1280,0,213,FALSE,FALSE
yfcc-batch1/194,"[556, 1068, 25, 314, 0, 174]","[0, 1280, 0, 720, 9, 79]","[372, 884, 202, 490, 69, 139]",720,1280,31.625,41.76470588,39.66666667,32.1875,174,yfcc-batch1/194/image_00174,556,1068,25,314,0,174,0,1280,0,720,9,79,372,884,202,490,69,139,0,0,720,1280,0,174,FALSE,FALSE
yfcc-batch1/196,"[324, 836, 315, 603, 0, 242]","[0, 1280, 0, 720, 126, 223]","[0, 512, 0, 288, 115, 212]",720,1280,57.7027027,59.14705882,61.20588235,65.33333333,242,yfcc-batch1/196/image_00242,324,836,315,603,0,242,0,1280,0,720,126,223,0,512,0,288,115,212,0,0,720,1280,0,242,FALSE,FALSE
yfcc-batch1/193,"[114, 626, 355, 643, 0, 192]","[0, 1280, 0, 720, 7, 84]","[406, 918, 0, 288, 85, 162]",720,1280,25.94117647,24.29032258,28.12121212,7.5,192,yfcc-batch1/193/image_00192,114,626,355,643,0,192,0,1280,0,720,7,84,406,918,0,288,85,162,0,0,720,1280,0,192,FALSE,FALSE
yfcc-batch1/197,"[542, 1054, 329, 617, 0, 173]","[0, 1280, 0, 720, 25, 93]","[228, 740, 0, 288, 0, 70]",720,1280,45.28125,46.03333333,50.79411765,41.94285714,174,yfcc-batch1/197/image_00174,542,1054,329,617,0,173,0,1280,0,720,25,93,228,740,0,288,0,70,0,0,720,1280,0,174,FALSE,FALSE
yfcc-batch1/195,"[187, 699, 222, 510, 0, 168]","[0, 1280, 0, 720, 3, 71]","[0, 512, 170, 458, 38, 106]",720,1280,41.40625,55.11764706,49.71428571,50.64516129,168,yfcc-batch1/195/image_00168,187,699,222,510,0,168,0,1280,0,720,3,71,0,512,170,458,38,106,0,0,720,1280,0,168,FALSE,FALSE
yfcc-batch1/198,"[193, 705, 69, 357, 0, 240]","[0, 1280, 0, 720, 126, 222]","[0, 512, 404, 692, 46, 142]",720,1280,62.05555556,66.94594595,52.875,80.44444444,240,yfcc-batch1/198/image_00240,193,705,69,357,0,240,0,1280,0,720,126,222,0,512,404,692,46,142,0,0,720,1280,0,240,FALSE,FALSE
yfcc-batch1/202,"[199, 711, 295, 583, 0, 171]","[0, 1280, 0, 720, 3, 72]","[258, 770, 382, 670, 98, 166]",720,1280,46.48571429,54.93548387,58.83870968,64.97058824,171,yfcc-batch1/202/image_00171,199,711,295,583,0,171,0,1280,0,720,3,72,258,770,382,670,98,166,0,0,720,1280,0,171,FALSE,FALSE
yfcc-batch1/206,"[502, 1014, 270, 558, 0, 192]","[0, 1280, 0, 720, 96, 173]","[190, 702, 22, 310, 101, 178]",720,1280,52.36363636,57.47222222,54.06060606,60,192,yfcc-batch1/206/image_00192,502,1014,270,558,0,192,0,1280,0,720,96,173,190,702,22,310,101,178,0,0,720,1280,0,192,FALSE,FALSE
yfcc-batch1/200,"[664, 1176, 7, 295, 0, 172]","[0, 1280, 0, 720, 77, 146]","[382, 894, 174, 462, 85, 154]",720,1280,50.81818182,60.11764706,46.67647059,49.74358974,172,yfcc-batch1/200/image_00172,664,1176,7,295,0,172,0,1280,0,720,77,146,382,894,174,462,85,154,0,0,720,1280,0,172,FALSE,FALSE
yfcc-batch1/214,"[84, 596, 121, 409, 0, 179]","[0, 1280, 0, 720, 105, 176]","[392, 904, 0, 288, 106, 178]",720,1280,80.86111111,70.96666667,62.87878788,84,178,yfcc-batch1/214/image_00178,84,596,121,409,0,179,0,1280,0,720,105,176,392,904,0,288,106,178,0,0,720,1280,0,178,FALSE,FALSE
yfcc-batch1/212,"[180, 692, 293, 581, 0, 175]","[0, 1280, 0, 720, 99, 169]","[430, 942, 0, 288, 77, 147]",720,1280,76.46875,68.7027027,75.11111111,82.96551724,175,yfcc-batch1/212/image_00175,180,692,293,581,0,175,0,1280,0,720,99,169,430,942,0,288,77,147,0,0,720,1280,0,175,FALSE,FALSE
yfcc-batch1/215,"[710, 1222, 388, 676, 0, 217]","[0, 1280, 0, 720, 5, 92]","[492, 1004, 136, 424, 91, 178]",720,1280,36.62857143,81.20588235,25.91428571,80.20588235,217,yfcc-batch1/215/image_00217,710,1222,388,676,0,217,0,1280,0,720,5,92,492,1004,136,424,91,178,0,0,720,1280,0,217,FALSE,FALSE
yfcc-batch1/208,"[340, 852, 156, 444, 0, 175]","[0, 1280, 0, 720, 87, 157]","[156, 668, 62, 350, 14, 84]",720,1280,84.09677419,74.28947368,58.51515152,80.55263158,175,yfcc-batch1/208/image_00175,340,852,156,444,0,175,0,1280,0,720,87,157,156,668,62,350,14,84,0,0,720,1280,0,175,FALSE,FALSE
yfcc-batch1/209,"[753, 1265, 106, 394, 0, 194]","[0, 1280, 0, 720, 115, 193]","[624, 1136, 0, 288, 104, 182]",720,1280,48.38235294,69.03125,62.56756757,62.1,195,yfcc-batch1/209/image_00195,753,1265,106,394,0,194,0,1280,0,720,115,193,624,1136,0,288,104,182,0,0,720,1280,0,195,FALSE,FALSE
yfcc-batch1/210,"[210, 722, 141, 429, 0, 214]","[0, 1280, 0, 720, 123, 209]","[182, 694, 128, 416, 74, 159]",720,1280,65.16666667,73.85714286,69.27272727,80.13888889,213,yfcc-batch1/210/image_00213,210,722,141,429,0,214,0,1280,0,720,123,209,182,694,128,416,74,159,0,0,720,1280,0,213,FALSE,FALSE
yfcc-batch1/218,"[189, 701, 66, 354, 0, 220]","[0, 1280, 0, 720, 127, 215]","[694, 1206, 102, 390, 98, 186]",720,1280,41,67.54285714,46,55.15151515,220,yfcc-batch1/218/image_00220,189,701,66,354,0,220,0,1280,0,720,127,215,694,1206,102,390,98,186,0,0,720,1280,0,220,FALSE,FALSE
yfcc-batch1/216,"[445, 957, 407, 695, 0, 204]","[0, 1280, 0, 720, 103, 184]","[472, 984, 0, 288, 121, 203]",720,1280,79.62857143,79.29411765,80.4516129,79.42857143,203,yfcc-batch1/216/image_00203,445,957,407,695,0,204,0,1280,0,720,103,184,472,984,0,288,121,203,0,0,720,1280,0,203,FALSE,FALSE
yfcc-batch1/217,"[768, 1280, 389, 677, 0, 233]","[0, 1280, 0, 720, 1, 94]","[314, 826, 8, 296, 57, 150]",720,1280,47.23529412,58.51282051,54.72727273,65.625,233,yfcc-batch1/217/image_00233,768,1280,389,677,0,233,0,1280,0,720,1,94,314,826,8,296,57,150,0,0,720,1280,0,233,FALSE,FALSE
yfcc-batch1/223,"[652, 1164, 8, 296, 0, 238]","[0, 1280, 0, 720, 46, 142]","[0, 512, 0, 288, 121, 216]",720,1280,53.72222222,60.41176471,59.11764706,66.2,238,yfcc-batch1/223/image_00238,652,1164,8,296,0,238,0,1280,0,720,46,142,0,512,0,288,121,216,0,0,720,1280,0,238,FALSE,FALSE
yfcc-batch1/227,"[138, 650, 217, 504, 0, 170]","[0, 1280, 0, 720, 23, 91]","[768, 1280, 84, 372, 101, 169]",720,1280,55.33333333,59.5,46.85294118,48.39393939,171,yfcc-batch1/227/image_00171,138,650,217,504,0,170,0,1280,0,720,23,91,768,1280,84,372,101,169,0,0,720,1280,0,171,FALSE,FALSE
yfcc-batch1/233,"[306, 818, 44, 332, 0, 240]","[0, 1280, 0, 720, 25, 121]","[438, 950, 0, 288, 144, 240]",720,1280,54.86486486,65.13888889,53.09090909,60,240,yfcc-batch1/233/image_00240,306,818,44,332,0,240,0,1280,0,720,25,121,438,950,0,288,144,240,0,0,720,1280,0,240,FALSE,FALSE
yfcc-batch1/238,"[652, 1164, 156, 444, 0, 240]","[0, 1280, 0, 720, 58, 154]","[652, 1164, 326, 614, 126, 222]",720,1280,56.12121212,62.67741935,59.18181818,62.16129032,240,yfcc-batch1/238/image_00240,652,1164,156,444,0,240,0,1280,0,720,58,154,652,1164,326,614,126,222,0,0,720,1280,0,240,FALSE,FALSE
yfcc-batch1/239,"[239, 751, 313, 601, 0, 256]","[0, 1280, 0, 720, 99, 201]","[768, 1280, 0, 288, 1, 104]",720,1280,52.03030303,53.6,50.37837838,51.09090909,256,yfcc-batch1/239/image_00256,239,751,313,601,0,256,0,1280,0,720,99,201,768,1280,0,288,1,104,0,0,720,1280,0,256,FALSE,FALSE
yfcc-batch1/240,"[228, 740, 36, 324, 0, 241]","[0, 1280, 0, 720, 131, 227]","[0, 512, 432, 720, 0, 96]",720,1280,51.82352941,69,58.14705882,66.6969697,242,yfcc-batch1/240/image_00242,228,740,36,324,0,241,0,1280,0,720,131,227,0,512,432,720,0,96,0,0,720,1280,0,242,FALSE,FALSE
yfcc-batch1/241,"[130, 642, 236, 524, 0, 218]","[0, 1280, 0, 720, 114, 202]","[452, 964, 0, 288, 56, 143]",720,1280,44.09090909,59.28571429,53.53125,51.90625,218,yfcc-batch1/241/image_00218,130,642,236,524,0,218,0,1280,0,720,114,202,452,964,0,288,56,143,0,0,720,1280,0,218,FALSE,FALSE
yfcc-batch1/247,"[282, 794, 20, 308, 0, 172]","[0, 1280, 0, 720, 89, 157]","[174, 686, 0, 288, 39, 108]",720,1280,74.70588235,70.08823529,65.21212121,72.08571429,173,yfcc-batch1/247/image_00173,282,794,20,308,0,172,0,1280,0,720,89,157,174,686,0,288,39,108,0,0,720,1280,0,173,FALSE,FALSE
yfcc-batch1/242,"[649, 1161, 66, 354, 0, 184]","[0, 1280, 0, 720, 9, 83]","[0, 512, 0, 288, 44, 118]",720,1280,57.54285714,62.11764706,61.66666667,58.88571429,185,yfcc-batch1/242/image_00185,649,1161,66,354,0,184,0,1280,0,720,9,83,0,512,0,288,44,118,0,0,720,1280,0,185,FALSE,FALSE
yfcc-batch1/244,"[103, 615, 206, 495, 0, 199]","[0, 1280, 0, 720, 75, 155]","[694, 1206, 0, 288, 87, 167]",720,1280,47.35294118,59.61764706,61.27027027,57.93548387,199,yfcc-batch1/244/image_00199,103,615,206,495,0,199,0,1280,0,720,75,155,694,1206,0,288,87,167,0,0,720,1280,0,199,FALSE,FALSE
yfcc-batch1/246,"[130, 642, 384, 672, 0, 172]","[0, 1280, 0, 720, 17, 86]","[410, 922, 0, 288, 0, 68]",720,1280,57.5,62.02777778,60.30555556,67.91176471,172,yfcc-batch1/246/image_00172,130,642,384,672,0,172,0,1280,0,720,17,86,410,922,0,288,0,68,0,0,720,1280,0,172,FALSE,FALSE
yfcc-batch1/255,"[741, 1253, 322, 610, 0, 240]","[0, 1280, 0, 720, 20, 116]","[380, 892, 0, 288, 115, 211]",720,1280,63.97222222,66.05882353,62.3125,68,240,yfcc-batch1/255/image_00240,741,1253,322,610,0,240,0,1280,0,720,20,116,380,892,0,288,115,211,0,0,720,1280,0,240,FALSE,FALSE
yfcc-batch1/254,"[31, 543, 211, 499, 0, 214]","[0, 1280, 0, 720, 97, 183]","[768, 1280, 0, 288, 129, 214]",720,1280,64.52941176,71.67741935,65.48484848,71.25806452,215,yfcc-batch1/254/image_00215,31,543,211,499,0,214,0,1280,0,720,97,183,768,1280,0,288,129,214,0,0,720,1280,0,215,FALSE,FALSE
yfcc-batch1/257,"[451, 963, 38, 326, 0, 244]","[0, 1280, 0, 720, 128, 226]","[768, 1280, 0, 288, 37, 134]",720,1280,63.52941176,67.51515152,64.47058824,70.58064516,245,yfcc-batch1/257/image_00245,451,963,38,326,0,244,0,1280,0,720,128,226,768,1280,0,288,37,134,0,0,720,1280,0,245,FALSE,FALSE
yfcc-batch1/256,"[336, 848, 141, 429, 0, 240]","[0, 1280, 0, 720, 21, 117]","[302, 814, 0, 288, 110, 206]",720,1280,60.05714286,66.6,65.36842105,69.23529412,240,yfcc-batch1/256/image_00240,336,848,141,429,0,240,0,1280,0,720,21,117,302,814,0,288,110,206,0,0,720,1280,0,240,FALSE,FALSE
yfcc-batch1/264,"[668, 1180, 2, 290, 0, 204]","[0, 1280, 0, 720, 120, 202]","[444, 956, 0, 288, 0, 82]",720,1280,44.45454545,48.70588235,46.63333333,37.61764706,203,yfcc-batch1/264/image_00203,668,1180,2,290,0,204,0,1280,0,720,120,202,444,956,0,288,0,82,0,0,720,1280,0,203,FALSE,FALSE
yfcc-batch1/265,"[108, 620, 413, 702, 0, 220]","[0, 1280, 0, 720, 114, 202]","[762, 1274, 0, 288, 132, 220]",720,1280,50.91428571,58.6875,55.35294118,71.14814815,221,yfcc-batch1/265/image_00221,108,620,413,702,0,220,0,1280,0,720,114,202,762,1274,0,288,132,220,0,0,720,1280,0,221,FALSE,FALSE
yfcc-batch1/267,"[40, 552, 268, 556, 0, 240]","[0, 1280, 0, 720, 143, 239]","[254, 766, 274, 562, 144, 240]",720,1280,63.82352941,68.54054054,61.96969697,72.9375,240,yfcc-batch1/267/image_00240,40,552,268,556,0,240,0,1280,0,720,143,239,254,766,274,562,144,240,0,0,720,1280,0,240,FALSE,FALSE
yfcc-batch1/269,"[556, 1068, 428, 716, 0, 185]","[0, 1280, 0, 720, 71, 145]","[446, 958, 168, 456, 100, 174]",720,1280,53.35294118,52.11428571,55.97058824,59.90625,185,yfcc-batch1/269/image_00185,556,1068,428,716,0,185,0,1280,0,720,71,145,446,958,168,456,100,174,0,0,720,1280,0,185,FALSE,FALSE
yfcc-batch1/277,"[534, 1046, 22, 310, 0, 214]","[0, 1280, 0, 720, 119, 205]","[292, 804, 432, 720, 34, 120]",720,1280,61.25,70.54545455,59.63333333,72.0625,214,yfcc-batch1/277/image_00214,534,1046,22,310,0,214,0,1280,0,720,119,205,292,804,432,720,34,120,0,0,720,1280,0,214,FALSE,FALSE
yfcc-batch1/275,"[676, 1188, 226, 514, 0, 172]","[0, 1280, 0, 720, 3, 72]","[750, 1262, 34, 322, 96, 165]",720,1280,62.77142857,65.36363636,66.79411765,70.6969697,172,yfcc-batch1/275/image_00172,676,1188,226,514,0,172,0,1280,0,720,3,72,750,1262,34,322,96,165,0,0,720,1280,0,172,FALSE,FALSE
yfcc-batch1/280,"[414, 926, 9, 297, 0, 172]","[0, 1280, 0, 720, 22, 90]","[156, 668, 0, 288, 33, 102]",720,1280,53.34285714,54.81818182,49.8,55.06666667,172,yfcc-batch1/280/image_00172,414,926,9,297,0,172,0,1280,0,720,22,90,156,668,0,288,33,102,0,0,720,1280,0,172,FALSE,FALSE
yfcc-batch1/285,"[434, 946, 8, 296, 0, 244]","[0, 1280, 0, 720, 144, 241]","[768, 1280, 422, 710, 147, 244]",720,1280,67.74285714,72.73529412,64.46875,64.61538462,245,yfcc-batch1/285/image_00245,434,946,8,296,0,244,0,1280,0,720,144,241,768,1280,422,710,147,244,0,0,720,1280,0,245,FALSE,FALSE
yfcc-batch1/281,"[279, 791, 14, 302, 0, 192]","[0, 1280, 0, 720, 98, 174]","[684, 1196, 160, 448, 115, 191]",720,1280,49.34285714,47,50.15625,47.28125,192,yfcc-batch1/281/image_00192,279,791,14,302,0,192,0,1280,0,720,98,174,684,1196,160,448,115,191,0,0,720,1280,0,192,FALSE,FALSE
yfcc-batch1/284,"[553, 1065, 134, 422, 0, 254]","[0, 1280, 0, 720, 37, 138]","[768, 1280, 0, 288, 149, 251]",720,1280,60.11428571,59.5625,69.74193548,77.48148148,255,yfcc-batch1/284/image_00255,553,1065,134,422,0,254,0,1280,0,720,37,138,768,1280,0,288,149,251,0,0,720,1280,0,255,FALSE,FALSE
yfcc-batch1/282,"[656, 1168, 1, 289, 0, 240]","[0, 1280, 0, 720, 140, 236]","[384, 896, 108, 396, 10, 106]",720,1280,48.36363636,69.97058824,66.78787879,72.48484848,240,yfcc-batch1/282/image_00240,656,1168,1,289,0,240,0,1280,0,720,140,236,384,896,108,396,10,106,0,0,720,1280,0,240,FALSE,FALSE
yfcc-batch1/287,"[535, 1047, 193, 480, 0, 202]","[0, 1280, 0, 720, 14, 95]","[764, 1276, 18, 306, 0, 80]",720,1280,58.41666667,67.44117647,67.78571429,62.2,202,yfcc-batch1/287/image_00202,535,1047,193,480,0,202,0,1280,0,720,14,95,764,1276,18,306,0,80,0,0,720,1280,0,202,FALSE,FALSE
yfcc-batch1/295,"[543, 1055, 246, 534, 0, 200]","[0, 1280, 0, 720, 26, 106]","[460, 972, 0, 288, 56, 136]",720,1280,60.97297297,72.89189189,58.64705882,77.52941176,200,yfcc-batch1/295/image_00200,543,1055,246,534,0,200,0,1280,0,720,26,106,460,972,0,288,56,136,0,0,720,1280,0,200,FALSE,FALSE
yfcc-batch1/294,"[195, 707, 201, 489, 0, 210]","[0, 1280, 0, 720, 41, 125]","[768, 1280, 0, 288, 57, 141]",720,1280,58.97058824,60.02941176,61.80555556,72.51612903,209,yfcc-batch1/294/image_00209,195,707,201,489,0,210,0,1280,0,720,41,125,768,1280,0,288,57,141,0,0,720,1280,0,209,FALSE,FALSE
yfcc-batch1/293,"[654, 1166, 285, 573, 0, 172]","[0, 1280, 0, 720, 30, 100]","[474, 986, 286, 574, 29, 98]",720,1280,35.38709677,60.08823529,40.2,45.22857143,173,yfcc-batch1/293/image_00173,654,1166,285,573,0,172,0,1280,0,720,30,100,474,986,286,574,29,98,0,0,720,1280,0,173,FALSE,FALSE
yfcc-batch1/300,"[157, 669, 413, 701, 0, 172]","[0, 1280, 0, 720, 90, 159]","[698, 1210, 280, 568, 0, 69]",720,1280,45.2,60.23529412,50.35294118,56.41176471,173,yfcc-batch1/300/image_00173,157,669,413,701,0,172,0,1280,0,720,90,159,698,1210,280,568,0,69,0,0,720,1280,0,173,FALSE,FALSE
yfcc-batch1/299,"[544, 1056, 76, 364, 0, 202]","[0, 1280, 0, 720, 117, 199]","[0, 512, 0, 288, 71, 151]",720,1280,46.4,52.61764706,50.58064516,62.61290323,202,yfcc-batch1/299/image_00202,544,1056,76,364,0,202,0,1280,0,720,117,199,0,512,0,288,71,151,0,0,720,1280,0,202,FALSE,FALSE
yfcc-batch1/301,"[388, 900, 95, 383, 0, 207]","[0, 1280, 0, 720, 4, 87]","[508, 1020, 166, 454, 16, 99]",720,1280,52.68421053,64.8,54.68571429,72.375,207,yfcc-batch1/301/image_00207,388,900,95,383,0,207,0,1280,0,720,4,87,508,1020,166,454,16,99,0,0,720,1280,0,207,FALSE,FALSE
yfcc-batch1/297,"[572, 1084, 417, 705, 0, 192]","[0, 1280, 0, 720, 8, 85]","[476, 988, 38, 326, 103, 180]",720,1280,42.08571429,51.62162162,46.71875,55.67647059,192,yfcc-batch1/297/image_00192,572,1084,417,705,0,192,0,1280,0,720,8,85,476,988,38,326,103,180,0,0,720,1280,0,192,FALSE,FALSE
yfcc-batch1/302,"[631, 1143, 118, 406, 0, 175]","[0, 1280, 0, 720, 4, 74]","[768, 1280, 0, 288, 105, 175]",720,1280,61.41666667,58.47222222,70.70833333,67.52777778,175,yfcc-batch1/302/image_00175,631,1143,118,406,0,175,0,1280,0,720,4,74,768,1280,0,288,105,175,0,0,720,1280,0,175,FALSE,FALSE
yfcc-batch1/298,"[81, 593, 300, 588, 0, 181]","[0, 1280, 0, 720, 91, 163]","[768, 1280, 0, 288, 0, 73]",720,1280,39.47222222,45.91891892,36.25,45.7037037,181,yfcc-batch1/298/image_00181,81,593,300,588,0,181,0,1280,0,720,91,163,768,1280,0,288,0,73,0,0,720,1280,0,181,FALSE,FALSE
yfcc-batch1/307,"[148, 660, 198, 486, 0, 213]","[0, 1280, 0, 720, 111, 196]","[180, 692, 396, 684, 98, 183]",720,1280,46.27777778,64.7027027,55,62.61111111,214,yfcc-batch1/307/image_00214,148,660,198,486,0,213,0,1280,0,720,111,196,180,692,396,684,98,183,0,0,720,1280,0,214,FALSE,FALSE
yfcc-batch1/305,"[259, 771, 266, 554, 0, 214]","[0, 1280, 0, 720, 12, 98]","[488, 1000, 286, 574, 128, 214]",720,1280,55.84615385,67.91666667,53.5,63.27027027,215,yfcc-batch1/305/image_00215,259,771,266,554,0,214,0,1280,0,720,12,98,488,1000,286,574,128,214,0,0,720,1280,0,215,FALSE,FALSE
yfcc-batch1/309,"[137, 649, 111, 399, 0, 240]","[0, 1280, 0, 720, 46, 142]","[442, 954, 432, 720, 141, 237]",720,1280,54.14285714,63.72222222,54.06060606,68.35,240,yfcc-batch1/309/image_00240,137,649,111,399,0,240,0,1280,0,720,46,142,442,954,432,720,141,237,0,0,720,1280,0,240,FALSE,FALSE
yfcc-batch1/308,"[66, 578, 414, 703, 0, 210]","[0, 1280, 0, 720, 31, 115]","[246, 758, 352, 640, 125, 209]",720,1280,53.76470588,65.74285714,49.96969697,71.21875,209,yfcc-batch1/308/image_00209,66,578,414,703,0,210,0,1280,0,720,31,115,246,758,352,640,125,209,0,0,720,1280,0,209,FALSE,FALSE
yfcc-batch1/306,"[505, 1017, 108, 396, 0, 240]","[0, 1280, 0, 720, 18, 114]","[626, 1138, 222, 510, 97, 193]",720,1280,57.61764706,65.03030303,54.54054054,71.93548387,240,yfcc-batch1/306/image_00240,505,1017,108,396,0,240,0,1280,0,720,18,114,626,1138,222,510,97,193,0,0,720,1280,0,240,FALSE,FALSE
yfcc-batch1/312,"[502, 1014, 119, 407, 0, 175]","[0, 1280, 0, 720, 12, 82]","[768, 1280, 64, 352, 66, 136]",720,1280,70.62857143,75.42424242,75.61764706,84.84375,174,yfcc-batch1/312/image_00174,502,1014,119,407,0,175,0,1280,0,720,12,82,768,1280,64,352,66,136,0,0,720,1280,0,174,FALSE,FALSE
yfcc-batch1/315,"[733, 1245, 76, 364, 0, 204]","[0, 1280, 0, 720, 29, 110]","[330, 842, 362, 650, 116, 198]",720,1280,45.87179487,53.48571429,56.79411765,49.54545455,204,yfcc-batch1/315/image_00204,733,1245,76,364,0,204,0,1280,0,720,29,110,330,842,362,650,116,198,0,0,720,1280,0,204,FALSE,FALSE
yfcc-batch1/317,"[255, 767, 380, 668, 0, 214]","[0, 1280, 0, 720, 87, 172]","[768, 1280, 96, 384, 104, 190]",720,1280,36.24324324,50.41935484,40.33333333,48.5862069,215,yfcc-batch1/317/image_00215,255,767,380,668,0,214,0,1280,0,720,87,172,768,1280,96,384,104,190,0,0,720,1280,0,215,FALSE,FALSE
yfcc-batch1/316,"[17, 529, 190, 478, 0, 180]","[0, 1280, 0, 720, 78, 150]","[140, 652, 432, 720, 40, 112]",720,1280,54.40540541,70.46875,58.41935484,67.09375,180,yfcc-batch1/316/image_00180,17,529,190,478,0,180,0,1280,0,720,78,150,140,652,432,720,40,112,0,0,720,1280,0,180,FALSE,FALSE
yfcc-batch1/323,"[167, 679, 217, 505, 0, 240]","[0, 1280, 0, 720, 26, 122]","[0, 512, 20, 308, 132, 228]",720,1280,71.11764706,75.11111111,59.05882353,83.76470588,240,yfcc-batch1/323/image_00240,167,679,217,505,0,240,0,1280,0,720,26,122,0,512,20,308,132,228,0,0,720,1280,0,240,FALSE,FALSE
yfcc-batch1/320,"[659, 1171, 21, 309, 0, 214]","[0, 1280, 0, 720, 117, 203]","[240, 752, 0, 288, 0, 86]",720,1280,47.58333333,64.94444444,56.41935484,67.86666667,215,yfcc-batch1/320/image_00215,659,1171,21,309,0,214,0,1280,0,720,117,203,240,752,0,288,0,86,0,0,720,1280,0,215,FALSE,FALSE
yfcc-batch1/321,"[526, 1038, 71, 359, 0, 192]","[0, 1280, 0, 720, 102, 179]","[424, 936, 128, 416, 111, 188]",720,1280,38.08108108,50.67647059,40.03030303,37.08571429,192,yfcc-batch1/321/image_00192,526,1038,71,359,0,192,0,1280,0,720,102,179,424,936,128,416,111,188,0,0,720,1280,0,192,FALSE,FALSE
yfcc-batch1/325,"[291, 803, 350, 638, 0, 192]","[0, 1280, 0, 720, 75, 151]","[768, 1280, 0, 288, 93, 170]",720,1280,66.67741935,69.84848485,64.79310345,71.25714286,192,yfcc-batch1/325/image_00192,291,803,350,638,0,192,0,1280,0,720,75,151,768,1280,0,288,93,170,0,0,720,1280,0,192,FALSE,FALSE
yfcc-batch1/322,"[346, 858, 93, 381, 0, 216]","[0, 1280, 0, 720, 105, 192]","[474, 986, 154, 442, 130, 216]",720,1280,70.09375,67.66666667,49.56666667,63,216,yfcc-batch1/322/image_00216,346,858,93,381,0,216,0,1280,0,720,105,192,474,986,154,442,130,216,0,0,720,1280,0,216,FALSE,FALSE
yfcc-batch1/332,"[62, 574, 246, 534, 0, 240]","[0, 1280, 0, 720, 88, 184]","[262, 774, 126, 414, 27, 123]",720,1280,41.65625,45.46875,57.73333333,39.09090909,240,yfcc-batch1/332/image_00240,62,574,246,534,0,240,0,1280,0,720,88,184,262,774,126,414,27,123,0,0,720,1280,0,240,FALSE,FALSE
yfcc-batch1/328,"[396, 908, 176, 464, 0, 240]","[0, 1280, 0, 720, 121, 217]","[512, 1024, 432, 720, 0, 96]",720,1280,53.09677419,54.42424242,54.74193548,62.22580645,240,yfcc-batch1/328/image_00240,396,908,176,464,0,240,0,1280,0,720,121,217,512,1024,432,720,0,96,0,0,720,1280,0,240,FALSE,FALSE
yfcc-batch1/333,"[609, 1121, 341, 629, 0, 214]","[0, 1280, 0, 720, 107, 194]","[98, 610, 0, 288, 0, 86]",720,1280,56.58064516,60.97142857,60.90625,61.60714286,214,yfcc-batch1/333/image_00214,609,1121,341,629,0,214,0,1280,0,720,107,194,98,610,0,288,0,86,0,0,720,1280,0,214,FALSE,FALSE
yfcc-batch1/327,"[425, 937, 134, 422, 0, 211]","[0, 1280, 0, 720, 104, 188]","[522, 1034, 0, 288, 0, 84]",720,1280,55.71875,53.92105263,53.125,55.61764706,210,yfcc-batch1/327/image_00210,425,937,134,422,0,211,0,1280,0,720,104,188,522,1034,0,288,0,84,0,0,720,1280,0,210,FALSE,FALSE
yfcc-batch1/330,"[115, 627, 112, 400, 0, 184]","[0, 1280, 0, 720, 79, 153]","[544, 1056, 396, 684, 10, 83]",720,1280,47.75,49.27027027,48.875,50.66666667,184,yfcc-batch1/330/image_00184,115,627,112,400,0,184,0,1280,0,720,79,153,544,1056,396,684,10,83,0,0,720,1280,0,184,FALSE,FALSE
yfcc-batch1/336,"[759, 1271, 111, 399, 0, 215]","[0, 1280, 0, 720, 128, 214]","[768, 1280, 0, 288, 129, 215]",720,1280,52.54545455,61.66666667,64.37931034,60.78571429,216,yfcc-batch1/336/image_00216,759,1271,111,399,0,215,0,1280,0,720,128,214,768,1280,0,288,129,215,0,0,720,1280,0,216,FALSE,FALSE
yfcc-batch1/340,"[602, 1114, 190, 478, 0, 192]","[0, 1280, 0, 720, 7, 84]","[28, 540, 0, 288, 82, 159]",720,1280,73.67857143,72.21875,77.29411765,76.16129032,192,yfcc-batch1/340/image_00192,602,1114,190,478,0,192,0,1280,0,720,7,84,28,540,0,288,82,159,0,0,720,1280,0,192,FALSE,FALSE
yfcc-batch1/337,"[639, 1151, 111, 399, 0, 168]","[0, 1280, 0, 720, 76, 143]","[228, 740, 0, 288, 0, 67]",720,1280,59.5625,77.68571429,81.3125,88.14285714,167,yfcc-batch1/337/image_00167,639,1151,111,399,0,168,0,1280,0,720,76,143,228,740,0,288,0,67,0,0,720,1280,0,167,FALSE,FALSE
yfcc-batch1/335,"[576, 1088, 395, 683, 0, 223]","[0, 1280, 0, 720, 26, 115]","[624, 1136, 432, 720, 0, 89]",720,1280,49.8125,58.03333333,52.3030303,54.42424242,223,yfcc-batch1/335/image_00223,576,1088,395,683,0,223,0,1280,0,720,26,115,624,1136,432,720,0,89,0,0,720,1280,0,223,FALSE,FALSE
yfcc-batch1/339,"[82, 594, 378, 666, 0, 181]","[0, 1280, 0, 720, 68, 140]","[764, 1276, 0, 288, 41, 113]",720,1280,69.25,81.03225806,72.63333333,81.90322581,181,yfcc-batch1/339/image_00181,82,594,378,666,0,181,0,1280,0,720,68,140,764,1276,0,288,41,113,0,0,720,1280,0,181,FALSE,FALSE
yfcc-batch1/338,"[370, 882, 111, 399, 0, 212]","[0, 1280, 0, 720, 3, 88]","[16, 528, 0, 288, 128, 212]",720,1280,78.44444444,79.51351351,75.44444444,83.3030303,213,yfcc-batch1/338/image_00213,370,882,111,399,0,212,0,1280,0,720,3,88,16,528,0,288,128,212,0,0,720,1280,0,213,FALSE,FALSE
yfcc-batch1/344,"[451, 963, 388, 676, 0, 192]","[0, 1280, 0, 720, 107, 184]","[768, 1280, 420, 708, 28, 105]",720,1280,63.22580645,76.87878788,55.71428571,80.53125,192,yfcc-batch1/344/image_00192,451,963,388,676,0,192,0,1280,0,720,107,184,768,1280,420,708,28,105,0,0,720,1280,0,192,FALSE,FALSE
yfcc-batch1/343,"[170, 682, 172, 459, 0, 181]","[0, 1280, 0, 720, 1, 73]","[638, 1150, 268, 556, 0, 72]",720,1280,75.54545455,76.91428571,33.67647059,87.05555556,181,yfcc-batch1/343/image_00181,170,682,172,459,0,181,0,1280,0,720,1,73,638,1150,268,556,0,72,0,0,720,1280,0,181,FALSE,FALSE
yfcc-batch1/342,"[258, 770, 84, 372, 0, 205]","[0, 1280, 0, 720, 115, 198]","[768, 1280, 0, 288, 0, 82]",720,1280,72.25,75.38888889,65.87878788,79.15625,205,yfcc-batch1/342/image_00205,258,770,84,372,0,205,0,1280,0,720,115,198,768,1280,0,288,0,82,0,0,720,1280,0,205,FALSE,FALSE
yfcc-batch1/347,"[709, 1221, 206, 495, 0, 244]","[0, 1280, 0, 720, 116, 213]","[222, 734, 0, 288, 72, 170]",720,1280,57.74285714,62.91176471,50.71052632,58.42424242,244,yfcc-batch1/347/image_00244,709,1221,206,495,0,244,0,1280,0,720,116,213,222,734,0,288,72,170,0,0,720,1280,0,244,FALSE,FALSE
yfcc-batch1/354,"[138, 426, 223, 735, 0, 217]","[0, 720, 0, 1280, 130, 217]","[224, 512, 0, 512, 63, 150]",1280,720,56.03225806,64.73529412,54.51428571,64.28571429,217,yfcc-batch1/354/image_00217,138,426,223,735,0,217,0,720,0,1280,130,217,224,512,0,512,63,150,0,0,1280,720,0,217,FALSE,FALSE
yfcc-batch1/353,"[360, 648, 78, 590, 0, 214]","[0, 720, 0, 1280, 127, 214]","[432, 720, 0, 512, 129, 214]",1280,720,60.58823529,65.25806452,67.46875,75.875,214,yfcc-batch1/353/image_00214,360,648,78,590,0,214,0,720,0,1280,127,214,432,720,0,512,129,214,0,0,1280,720,0,214,FALSE,FALSE
yfcc-batch1/348,"[667, 1179, 11, 299, 0, 214]","[0, 1280, 0, 720, 7, 94]","[494, 1006, 0, 288, 14, 99]",720,1280,51.9375,62.52941176,48.64516129,61.18181818,214,yfcc-batch1/348/image_00214,667,1179,11,299,0,214,0,1280,0,720,7,94,494,1006,0,288,14,99,0,0,720,1280,0,214,FALSE,FALSE
yfcc-batch1/352,"[149, 661, 137, 425, 0, 224]","[0, 1280, 0, 720, 88, 177]","[172, 684, 2, 290, 79, 169]",720,1280,41.87096774,48.36111111,42.88235294,43.48387097,224,yfcc-batch1/352/image_00224,149,661,137,425,0,224,0,1280,0,720,88,177,172,684,2,290,79,169,0,0,720,1280,0,224,FALSE,FALSE
yfcc-batch1/360,"[19, 531, 309, 597, 0, 192]","[0, 1280, 0, 720, 5, 82]","[590, 1102, 268, 556, 0, 76]",720,1280,47.48387097,57.79411765,44.60606061,53.37931034,192,yfcc-batch1/360/image_00192,19,531,309,597,0,192,0,1280,0,720,5,82,590,1102,268,556,0,76,0,0,720,1280,0,192,FALSE,FALSE
yfcc-batch1/361,"[755, 1267, 38, 326, 0, 176]","[0, 1280, 0, 720, 25, 96]","[70, 582, 296, 584, 77, 147]",720,1280,49.16666667,64.88888889,47.42424242,63.86666667,177,yfcc-batch1/361/image_00177,755,1267,38,326,0,176,0,1280,0,720,25,96,70,582,296,584,77,147,0,0,720,1280,0,177,FALSE,FALSE
yfcc-batch1/358,"[245, 757, 422, 710, 0, 200]","[0, 1280, 0, 720, 113, 194]","[120, 632, 432, 720, 94, 174]",720,1280,49.18181818,53.96875,45.875,52.5,200,yfcc-batch1/358/image_00200,245,757,422,710,0,200,0,1280,0,720,113,194,120,632,432,720,94,174,0,0,720,1280,0,200,FALSE,FALSE
yfcc-batch1/364,"[555, 1067, 278, 566, 0, 192]","[0, 1280, 0, 720, 35, 112]","[538, 1050, 14, 302, 34, 110]",720,1280,45.03333333,56.18918919,47.125,49.375,192,yfcc-batch1/364/image_00192,555,1067,278,566,0,192,0,1280,0,720,35,112,538,1050,14,302,34,110,0,0,720,1280,0,192,FALSE,FALSE
yfcc-batch1/368,"[39, 551, 11, 299, 0, 212]","[0, 1280, 0, 720, 95, 180]","[172, 684, 166, 454, 10, 95]",720,1280,56.36363636,69.26470588,67.64864865,80.4375,212,yfcc-batch1/368/image_00212,39,551,11,299,0,212,0,1280,0,720,95,180,172,684,166,454,10,95,0,0,720,1280,0,212,FALSE,FALSE
yfcc-batch1/366,"[745, 1257, 139, 427, 0, 244]","[0, 1280, 0, 720, 124, 222]","[74, 586, 0, 288, 123, 221]",720,1280,53,64.86486486,60.78787879,72.2,244,yfcc-batch1/366/image_00244,745,1257,139,427,0,244,0,1280,0,720,124,222,74,586,0,288,123,221,0,0,720,1280,0,244,FALSE,FALSE
yfcc-batch1/365,"[351, 863, 344, 632, 0, 192]","[0, 1280, 0, 720, 110, 186]","[114, 626, 292, 580, 0, 77]",720,1280,43.90625,64.21621622,45.37837838,66.05405405,192,yfcc-batch1/365/image_00192,351,863,344,632,0,192,0,1280,0,720,110,186,114,626,292,580,0,77,0,0,720,1280,0,192,FALSE,FALSE
yfcc-batch1/371,"[247, 759, 346, 634, 0, 240]","[0, 1280, 0, 720, 122, 218]","[126, 638, 306, 594, 0, 96]",720,1280,35.64516129,51.93939394,46.3030303,42.25714286,240,yfcc-batch1/371/image_00240,247,759,346,634,0,240,0,1280,0,720,122,218,126,638,306,594,0,96,0,0,720,1280,0,240,FALSE,FALSE
yfcc-batch1/374,"[226, 514, 382, 894, 0, 232]","[0, 720, 0, 1280, 129, 222]","[0, 288, 0, 512, 140, 232]",1280,720,49.51428571,52.05882353,53.23529412,51.3125,232,yfcc-batch1/374/image_00232,226,514,382,894,0,232,0,720,0,1280,129,222,0,288,0,512,140,232,0,0,1280,720,0,232,FALSE,FALSE
yfcc-batch1/369,"[501, 1013, 280, 568, 0, 192]","[0, 1280, 0, 720, 64, 141]","[226, 738, 180, 468, 0, 76]",720,1280,49.03333333,55.925,56.60606061,55.46875,192,yfcc-batch1/369/image_00192,501,1013,280,568,0,192,0,1280,0,720,64,141,226,738,180,468,0,76,0,0,720,1280,0,192,FALSE,FALSE
yfcc-batch1/373,"[72, 584, 65, 353, 0, 240]","[0, 1280, 0, 720, 10, 106]","[0, 512, 144, 432, 144, 240]",720,1280,48.19354839,49.43243243,55.18181818,48.8125,240,yfcc-batch1/373/image_00240,72,584,65,353,0,240,0,1280,0,720,10,106,0,512,144,432,144,240,0,0,720,1280,0,240,FALSE,FALSE
yfcc-batch1/370,"[743, 1255, 311, 599, 0, 192]","[0, 1280, 0, 720, 28, 105]","[322, 834, 284, 572, 0, 77]",720,1280,46.53125,46.79411765,46.97297297,42.07692308,192,yfcc-batch1/370/image_00192,743,1255,311,599,0,192,0,1280,0,720,28,105,322,834,284,572,0,77,0,0,720,1280,0,192,FALSE,FALSE
yfcc-batch1/381,"[403, 915, 195, 482, 0, 202]","[0, 1280, 0, 720, 0, 80]","[282, 794, 388, 676, 27, 108]",720,1280,38.19354839,53.55,54.64705882,57.90625,201,yfcc-batch1/381/image_00201,403,915,195,482,0,202,0,1280,0,720,0,80,282,794,388,676,27,108,0,0,720,1280,0,201,FALSE,FALSE
yfcc-batch1/378,"[662, 1174, 409, 697, 0, 250]","[0, 1280, 0, 720, 37, 137]","[238, 750, 312, 600, 146, 246]",720,1280,56.64516129,64.48484848,52.67741935,61,250,yfcc-batch1/378/image_00250,662,1174,409,697,0,250,0,1280,0,720,37,137,238,750,312,600,146,246,0,0,720,1280,0,250,FALSE,FALSE
yfcc-batch1/379,"[322, 834, 12, 300, 0, 244]","[0, 1280, 0, 720, 121, 218]","[342, 854, 0, 288, 0, 97]",720,1280,52.25806452,64.91428571,56.93939394,65.14285714,244,yfcc-batch1/379/image_00244,322,834,12,300,0,244,0,1280,0,720,121,218,342,854,0,288,0,97,0,0,720,1280,0,244,FALSE,FALSE
yfcc-batch1/387,"[51, 339, 293, 805, 0, 218]","[0, 720, 0, 1280, 40, 126]","[0, 288, 454, 966, 131, 218]",1280,720,44.58064516,52.59375,49.58064516,50.31428571,218,yfcc-batch1/387/image_00218,51,339,293,805,0,218,0,720,0,1280,40,126,0,288,454,966,131,218,0,0,1280,720,0,218,FALSE,FALSE
yfcc-batch1/383,"[64, 576, 75, 363, 0, 240]","[0, 1280, 0, 720, 116, 212]","[42, 554, 432, 720, 46, 142]",720,1280,60.93333333,72.33333333,72.20588235,82.02857143,240,yfcc-batch1/383/image_00240,64,576,75,363,0,240,0,1280,0,720,116,212,42,554,432,720,46,142,0,0,720,1280,0,240,FALSE,FALSE
yfcc-batch1/386,"[184, 696, 124, 412, 0, 170]","[0, 1280, 0, 720, 0, 68]","[392, 904, 0, 288, 0, 68]",720,1280,64.06060606,64.2,54.5,61.03030303,170,yfcc-batch1/386/image_00170,184,696,124,412,0,170,0,1280,0,720,0,68,392,904,0,288,0,68,0,0,720,1280,0,170,FALSE,FALSE
yfcc-batch1/384,"[160, 672, 55, 343, 0, 244]","[0, 1280, 0, 720, 58, 155]","[768, 1280, 172, 460, 11, 109]",720,1280,51.32258065,58.6,52.72727273,56.71052632,244,yfcc-batch1/384/image_00244,160,672,55,343,0,244,0,1280,0,720,58,155,768,1280,172,460,11,109,0,0,720,1280,0,244,FALSE,FALSE
yfcc-batch1/391,"[221, 733, 91, 379, 0, 241]","[0, 1280, 0, 720, 122, 219]","[0, 512, 230, 518, 37, 133]",720,1280,61.4,66.05555556,62.93548387,66.91428571,241,yfcc-batch1/391/image_00241,221,733,91,379,0,241,0,1280,0,720,122,219,0,512,230,518,37,133,0,0,720,1280,0,241,FALSE,FALSE
yfcc-batch1/393,"[345, 857, 43, 331, 0, 241]","[0, 1280, 0, 720, 25, 122]","[678, 1190, 298, 586, 0, 96]",720,1280,58.9,62.58333333,69.78125,73.32352941,242,yfcc-batch1/393/image_00242,345,857,43,331,0,241,0,1280,0,720,25,122,678,1190,298,586,0,96,0,0,720,1280,0,242,FALSE,FALSE
yfcc-batch1/398,"[673, 1185, 305, 593, 0, 237]","[0, 1280, 0, 720, 55, 150]","[0, 512, 64, 352, 0, 94]",720,1280,59.29411765,65.42857143,58.64516129,64.05,237,yfcc-batch1/398/image_00237,673,1185,305,593,0,237,0,1280,0,720,55,150,0,512,64,352,0,94,0,0,720,1280,0,237,FALSE,FALSE
yfcc-batch1/395,"[43, 555, 289, 577, 0, 244]","[0, 1280, 0, 720, 23, 120]","[678, 1190, 96, 384, 64, 162]",720,1280,60.4516129,66.05263158,67.12903226,76.24242424,244,yfcc-batch1/395/image_00244,43,555,289,577,0,244,0,1280,0,720,23,120,678,1190,96,384,64,162,0,0,720,1280,0,244,FALSE,FALSE
yfcc-batch1/397,"[676, 1188, 331, 619, 0, 239]","[0, 1280, 0, 720, 139, 235]","[768, 1280, 0, 288, 0, 95]",720,1280,60.37142857,63.36363636,54.5,60.63636364,240,yfcc-batch1/397/image_00240,676,1188,331,619,0,239,0,1280,0,720,139,235,768,1280,0,288,0,95,0,0,720,1280,0,240,FALSE,FALSE
yfcc-batch1/401,"[659, 1171, 285, 573, 0, 181]","[0, 1280, 0, 720, 107, 179]","[0, 512, 64, 352, 0, 72]",720,1280,61.43243243,74.31428571,59.25,75.09375,181,yfcc-batch1/401/image_00181,659,1171,285,573,0,181,0,1280,0,720,107,179,0,512,64,352,0,72,0,0,720,1280,0,181,FALSE,FALSE
yfcc-batch1/400,"[330, 842, 59, 347, 0, 238]","[0, 1280, 0, 720, 34, 129]","[680, 1192, 432, 720, 50, 146]",720,1280,41.21052632,47.91891892,32.6969697,41.35483871,238,yfcc-batch1/400/image_00238,330,842,59,347,0,238,0,1280,0,720,34,129,680,1192,432,720,50,146,0,0,720,1280,0,238,FALSE,FALSE
yfcc-batch1/404,"[443, 955, 276, 564, 0, 230]","[0, 1280, 0, 720, 6, 98]","[768, 1280, 432, 720, 36, 128]",720,1280,66,70.19354839,69.63157895,75.33333333,231,yfcc-batch1/404/image_00231,443,955,276,564,0,230,0,1280,0,720,6,98,768,1280,432,720,36,128,0,0,720,1280,0,231,FALSE,FALSE
yfcc-batch1/412,"[613, 1125, 181, 469, 0, 220]","[0, 1280, 0, 720, 9, 97]","[768, 1280, 218, 506, 131, 219]",720,1280,51.08108108,64.75,52.03125,58.16216216,219,yfcc-batch1/412/image_00219,613,1125,181,469,0,220,0,1280,0,720,9,97,768,1280,218,506,131,219,0,0,720,1280,0,219,FALSE,FALSE
yfcc-batch1/409,"[261, 773, 48, 337, 0, 210]","[0, 1280, 0, 720, 0, 84]","[570, 1082, 0, 288, 120, 204]",720,1280,60.48648649,63.84848485,50.55882353,55.17857143,210,yfcc-batch1/409/image_00210,261,773,48,337,0,210,0,1280,0,720,0,84,570,1082,0,288,120,204,0,0,720,1280,0,210,FALSE,FALSE
yfcc-batch1/410,"[592, 1104, 378, 666, 0, 214]","[0, 1280, 0, 720, 6, 92]","[702, 1214, 0, 288, 129, 214]",720,1280,43.05882353,56.19444444,41.07894737,43.94285714,214,yfcc-batch1/410/image_00214,592,1104,378,666,0,214,0,1280,0,720,6,92,702,1214,0,288,129,214,0,0,720,1280,0,214,FALSE,FALSE
yfcc-batch1/407,"[21, 533, 268, 556, 0, 222]","[0, 1280, 0, 720, 21, 110]","[402, 914, 0, 288, 118, 206]",720,1280,66.57575758,57.5,56.85714286,55.67647059,222,yfcc-batch1/407/image_00222,21,533,268,556,0,222,0,1280,0,720,21,110,402,914,0,288,118,206,0,0,720,1280,0,222,FALSE,FALSE
yfcc-batch1/420,"[66, 578, 7, 295, 0, 200]","[0, 1280, 0, 720, 6, 86]","[768, 1280, 0, 288, 67, 147]",720,1280,63.86111111,68.37837838,66.82352941,70.06666667,200,yfcc-batch1/420/image_00200,66,578,7,295,0,200,0,1280,0,720,6,86,768,1280,0,288,67,147,0,0,720,1280,0,200,FALSE,FALSE
yfcc-batch1/415,"[379, 891, 108, 397, 0, 240]","[0, 1280, 0, 720, 21, 117]","[648, 1160, 0, 288, 86, 182]",720,1280,65.5,64.29411765,67.08823529,72.02857143,241,yfcc-batch1/415/image_00241,379,891,108,397,0,240,0,1280,0,720,21,117,648,1160,0,288,86,182,0,0,720,1280,0,241,FALSE,FALSE
yfcc-batch1/418,"[155, 667, 314, 602, 0, 233]","[0, 1280, 0, 720, 19, 113]","[256, 768, 0, 288, 140, 233]",720,1280,65.08571429,73.33333333,60.96969697,66.02777778,233,yfcc-batch1/418/image_00233,155,667,314,602,0,233,0,1280,0,720,19,113,256,768,0,288,140,233,0,0,720,1280,0,233,FALSE,FALSE
yfcc-batch1/427,"[275, 787, 341, 629, 0, 240]","[0, 1280, 0, 720, 9, 105]","[184, 696, 0, 288, 69, 165]",720,1280,63.57575758,58.28947368,53.27777778,69.11764706,240,yfcc-batch1/427/image_00240,275,787,341,629,0,240,0,1280,0,720,9,105,184,696,0,288,69,165,0,0,720,1280,0,240,FALSE,FALSE
yfcc-batch1/423,"[676, 1188, 124, 412, 0, 210]","[0, 1280, 0, 720, 21, 105]","[618, 1130, 10, 298, 125, 209]",720,1280,61.22857143,75.67647059,60.06060606,60.96428571,210,yfcc-batch1/423/image_00210,676,1188,124,412,0,210,0,1280,0,720,21,105,618,1130,10,298,125,209,0,0,720,1280,0,210,FALSE,FALSE
yfcc-batch1/421,"[503, 1015, 22, 310, 0, 187]","[0, 1280, 0, 720, 108, 183]","[514, 1026, 102, 390, 26, 101]",720,1280,36.27777778,46.65714286,40.31428571,42.48387097,187,yfcc-batch1/421/image_00187,503,1015,22,310,0,187,0,1280,0,720,108,183,514,1026,102,390,26,101,0,0,720,1280,0,187,FALSE,FALSE
yfcc-batch1/425,"[135, 647, 102, 390, 0, 175]","[0, 1280, 0, 720, 42, 112]","[768, 1280, 38, 326, 105, 175]",720,1280,41.88888889,37.57894737,39.94285714,31.86666667,175,yfcc-batch1/425/image_00175,135,647,102,390,0,175,0,1280,0,720,42,112,768,1280,38,326,105,175,0,0,720,1280,0,175,FALSE,FALSE
yfcc-batch1/422,"[264, 776, 86, 374, 0, 200]","[0, 1280, 0, 720, 36, 115]","[50, 562, 0, 288, 0, 80]",720,1280,70.02857143,68.91176471,66.93939394,79.36363636,200,yfcc-batch1/422/image_00200,264,776,86,374,0,200,0,1280,0,720,36,115,50,562,0,288,0,80,0,0,720,1280,0,200,FALSE,FALSE
yfcc-batch1/435,"[18, 530, 325, 613, 0, 259]","[0, 1280, 0, 720, 144, 248]","[322, 834, 88, 376, 20, 124]",720,1280,44.12903226,51.17142857,45.63157895,47.45714286,259,yfcc-batch1/435/image_00259,18,530,325,613,0,259,0,1280,0,720,144,248,322,834,88,376,20,124,0,0,720,1280,0,259,FALSE,FALSE
yfcc-batch1/431,"[577, 1089, 220, 508, 0, 214]","[0, 1280, 0, 720, 28, 115]","[156, 668, 432, 720, 0, 86]",720,1280,68.8,62.94285714,63.88571429,73.43243243,214,yfcc-batch1/431/image_00214,577,1089,220,508,0,214,0,1280,0,720,28,115,156,668,432,720,0,86,0,0,720,1280,0,214,FALSE,FALSE
yfcc-batch1/434,"[752, 1264, 8, 296, 0, 254]","[0, 1280, 0, 720, 129, 231]","[186, 698, 0, 288, 123, 224]",720,1280,51.71875,55.25714286,50.85294118,60.61290323,254,yfcc-batch1/434/image_00254,752,1264,8,296,0,254,0,1280,0,720,129,231,186,698,0,288,123,224,0,0,720,1280,0,254,FALSE,FALSE
yfcc-batch1/441,"[150, 662, 346, 634, 0, 256]","[0, 1280, 0, 720, 22, 125]","[768, 1280, 0, 288, 32, 134]",720,1280,39.64516129,52.58333333,47.33333333,52.34375,256,yfcc-batch1/441/image_00256,150,662,346,634,0,256,0,1280,0,720,22,125,768,1280,0,288,32,134,0,0,720,1280,0,256,FALSE,FALSE
yfcc-batch1/442,"[534, 1046, 82, 369, 0, 214]","[0, 1280, 0, 720, 25, 111]","[400, 912, 2, 290, 1, 87]",720,1280,33.6,46.90909091,41.08333333,39.55172414,214,yfcc-batch1/442/image_00214,534,1046,82,369,0,214,0,1280,0,720,25,111,400,912,2,290,1,87,0,0,720,1280,0,214,FALSE,FALSE
yfcc-batch1/444,"[174, 686, 363, 651, 0, 241]","[0, 1280, 0, 720, 5, 101]","[320, 832, 336, 624, 49, 146]",720,1280,51.53333333,63.58333333,57.3,58.27586207,241,yfcc-batch1/444/image_00241,174,686,363,651,0,241,0,1280,0,720,5,101,320,832,336,624,49,146,0,0,720,1280,0,241,FALSE,FALSE
yfcc-batch1/443,"[592, 1104, 19, 307, 0, 240]","[0, 1280, 0, 720, 55, 151]","[768, 1280, 262, 550, 129, 225]",720,1280,50.63636364,58.92105263,55.78787879,63.82857143,240,yfcc-batch1/443/image_00240,592,1104,19,307,0,240,0,1280,0,720,55,151,768,1280,262,550,129,225,0,0,720,1280,0,240,FALSE,FALSE
yfcc-batch1/449,"[621, 1133, 88, 376, 0, 214]","[0, 1280, 0, 720, 37, 123]","[356, 868, 432, 720, 0, 85]",720,1280,59.41935484,61.17647059,61.05405405,67,215,yfcc-batch1/449/image_00215,621,1133,88,376,0,214,0,1280,0,720,37,123,356,868,432,720,0,85,0,0,720,1280,0,215,FALSE,FALSE
yfcc-batch1/457,"[680, 1192, 158, 446, 0, 229]","[0, 1280, 0, 720, 18, 110]","[458, 970, 94, 382, 116, 207]",720,1280,52.38709677,63.17142857,55.15625,63.39473684,229,yfcc-batch1/457/image_00229,680,1192,158,446,0,229,0,1280,0,720,18,110,458,970,94,382,116,207,0,0,720,1280,0,229,FALSE,FALSE
yfcc-batch1/458,"[663, 1175, 315, 603, 0, 240]","[0, 1280, 0, 720, 11, 107]","[0, 512, 0, 288, 26, 122]",720,1280,63.32258065,58.76470588,57.61764706,68.6969697,240,yfcc-batch1/458/image_00240,663,1175,315,603,0,240,0,1280,0,720,11,107,0,512,0,288,26,122,0,0,720,1280,0,240,FALSE,FALSE
yfcc-batch1/454,"[695, 1207, 131, 419, 0, 204]","[0, 1280, 0, 720, 79, 160]","[768, 1280, 0, 288, 92, 174]",720,1280,64.59375,65.94736842,63.51428571,68.65625,203,yfcc-batch1/454/image_00203,695,1207,131,419,0,204,0,1280,0,720,79,160,768,1280,0,288,92,174,0,0,720,1280,0,203,FALSE,FALSE
yfcc-batch1/452,"[767, 1279, 60, 348, 0, 172]","[0, 1280, 0, 720, 101, 170]","[768, 1280, 62, 350, 103, 172]",720,1280,46.41935484,63.21212121,46.11428571,53.32258065,172,yfcc-batch1/452/image_00172,767,1279,60,348,0,172,0,1280,0,720,101,170,768,1280,62,350,103,172,0,0,720,1280,0,172,FALSE,FALSE
yfcc-batch1/451,"[740, 1252, 418, 706, 0, 210]","[0, 1280, 0, 720, 113, 197]","[768, 1280, 0, 288, 16, 100]",720,1280,45,51.7,50.61290323,45.48571429,210,yfcc-batch1/451/image_00210,740,1252,418,706,0,210,0,1280,0,720,113,197,768,1280,0,288,16,100,0,0,720,1280,0,210,FALSE,FALSE
yfcc-batch1/450,"[615, 1127, 270, 558, 0, 240]","[0, 1280, 0, 720, 33, 129]","[614, 1126, 432, 720, 0, 96]",720,1280,64.22580645,67.02941176,58.68571429,69.89655172,240,yfcc-batch1/450/image_00240,615,1127,270,558,0,240,0,1280,0,720,33,129,614,1126,432,720,0,96,0,0,720,1280,0,240,FALSE,FALSE
yfcc-batch1/464,"[703, 1215, 100, 388, 0, 216]","[0, 1280, 0, 720, 17, 104]","[768, 1280, 432, 720, 42, 129]",720,1280,57.53125,62.4,57,69.31034483,216,yfcc-batch1/464/image_00216,703,1215,100,388,0,216,0,1280,0,720,17,104,768,1280,432,720,42,129,0,0,720,1280,0,216,FALSE,FALSE
yfcc-batch1/466,"[355, 867, 381, 669, 0, 244]","[0, 1280, 0, 720, 48, 146]","[768, 1280, 432, 720, 37, 135]",720,1280,60.3,65.39393939,63.35294118,64.93939394,245,yfcc-batch1/466/image_00245,355,867,381,669,0,244,0,1280,0,720,48,146,768,1280,432,720,37,135,0,0,720,1280,0,245,FALSE,FALSE
yfcc-batch1/470,"[616, 1128, 270, 558, 0, 210]","[0, 1280, 0, 720, 124, 208]","[724, 1236, 398, 686, 0, 84]",720,1280,67.36363636,68.5,65.06060606,71.83870968,209,yfcc-batch1/470/image_00209,616,1128,270,558,0,210,0,1280,0,720,124,208,724,1236,398,686,0,84,0,0,720,1280,0,209,FALSE,FALSE
yfcc-batch1/469,"[101, 613, 142, 430, 0, 244]","[0, 1280, 0, 720, 19, 116]","[0, 512, 0, 288, 44, 142]",720,1280,62.56666667,72.23333333,54.86111111,60.90625,245,yfcc-batch1/469/image_00245,101,613,142,430,0,244,0,1280,0,720,19,116,0,512,0,288,44,142,0,0,720,1280,0,245,FALSE,FALSE
yfcc-batch1/471,"[602, 1114, 325, 613, 0, 240]","[0, 1280, 0, 720, 80, 176]","[234, 746, 432, 720, 116, 212]",720,1280,61.84375,67.91176471,63.52777778,66.69230769,240,yfcc-batch1/471/image_00240,602,1114,325,613,0,240,0,1280,0,720,80,176,234,746,432,720,116,212,0,0,720,1280,0,240,FALSE,FALSE
yfcc-batch1/476,"[364, 876, 92, 380, 0, 126]","[0, 1280, 0, 720, 43, 93]","[768, 1280, 0, 288, 41, 91]",720,1280,65.8,65.46875,63,71.5,126,yfcc-batch1/476/image_00126,364,876,92,380,0,126,0,1280,0,720,43,93,768,1280,0,288,41,91,0,0,720,1280,0,126,FALSE,FALSE
yfcc-batch1/473,"[627, 1139, 197, 485, 0, 200]","[0, 1280, 0, 720, 13, 93]","[450, 962, 0, 288, 0, 80]",720,1280,62.81818182,61.35294118,56.21212121,67.37037037,200,yfcc-batch1/473/image_00200,627,1139,197,485,0,200,0,1280,0,720,13,93,450,962,0,288,0,80,0,0,720,1280,0,200,FALSE,FALSE
yfcc-batch1/480,"[465, 977, 410, 698, 0, 176]","[0, 1280, 0, 720, 103, 173]","[756, 1268, 0, 288, 78, 148]",720,1280,58.67647059,54.29032258,48.84848485,56,177,yfcc-batch1/480/image_00177,465,977,410,698,0,176,0,1280,0,720,103,173,756,1268,0,288,78,148,0,0,720,1280,0,177,FALSE,FALSE
yfcc-batch1/479,"[666, 1178, 404, 692, 0, 192]","[0, 1280, 0, 720, 92, 169]","[584, 1096, 46, 334, 21, 98]",720,1280,68.27272727,67.73333333,72.15625,72.5,192,yfcc-batch1/479/image_00192,666,1178,404,692,0,192,0,1280,0,720,92,169,584,1096,46,334,21,98,0,0,720,1280,0,192,FALSE,FALSE
yfcc-batch1/485,"[32, 544, 171, 458, 0, 227]","[0, 1280, 0, 720, 7, 98]","[10, 522, 86, 374, 136, 227]",720,1280,60.51515152,55.88571429,59.78787879,67.63333333,227,yfcc-batch1/485/image_00227,32,544,171,458,0,227,0,1280,0,720,7,98,10,522,86,374,136,227,0,0,720,1280,0,227,FALSE,FALSE
yfcc-batch1/490,"[301, 813, 431, 719, 0, 269]","[0, 1280, 0, 720, 50, 158]","[746, 1258, 284, 572, 3, 110]",720,1280,36.11428571,47.73529412,36.36111111,45.55882353,270,yfcc-batch1/490/image_00270,301,813,431,719,0,269,0,1280,0,720,50,158,746,1258,284,572,3,110,0,0,720,1280,0,270,FALSE,FALSE
yfcc-batch1/486,"[455, 967, 350, 638, 0, 174]","[0, 1280, 0, 720, 98, 167]","[632, 1144, 64, 352, 15, 84]",720,1280,48.1875,48.625,41.11764706,49.78787879,174,yfcc-batch1/486/image_00174,455,967,350,638,0,174,0,1280,0,720,98,167,632,1144,64,352,15,84,0,0,720,1280,0,174,FALSE,FALSE
yfcc-batch1/497,"[358, 870, 432, 720, 0, 210]","[0, 1280, 0, 720, 53, 138]","[0, 512, 432, 720, 0, 84]",720,1280,70.05882353,67.71428571,59.94117647,69.24137931,210,yfcc-batch1/497/image_00210,358,870,432,720,0,210,0,1280,0,720,53,138,0,512,432,720,0,84,0,0,720,1280,0,210,FALSE,FALSE
yfcc-batch1/491,"[241, 753, 411, 699, 0, 240]","[0, 1280, 0, 720, 18, 114]","[542, 1054, 0, 288, 4, 100]",720,1280,58.02941176,74,61.46875,72.06896552,240,yfcc-batch1/491/image_00240,241,753,411,699,0,240,0,1280,0,720,18,114,542,1054,0,288,4,100,0,0,720,1280,0,240,FALSE,FALSE
yfcc-batch1/501,"[475, 987, 353, 641, 0, 240]","[0, 1280, 0, 720, 46, 142]","[734, 1246, 340, 628, 144, 240]",720,1280,48.55882353,58.13157895,54.27586207,46.32352941,240,yfcc-batch1/501/image_00240,475,987,353,641,0,240,0,1280,0,720,46,142,734,1246,340,628,144,240,0,0,720,1280,0,240,FALSE,FALSE
yfcc-batch1/506,"[69, 581, 367, 655, 0, 194]","[0, 1280, 0, 720, 98, 176]","[662, 1174, 0, 288, 33, 110]",720,1280,66.97058824,75.88235294,70.78787879,77.53125,194,yfcc-batch1/506/image_00194,69,581,367,655,0,194,0,1280,0,720,98,176,662,1174,0,288,33,110,0,0,720,1280,0,194,FALSE,FALSE
yfcc-batch1/508,"[544, 1056, 309, 597, 0, 184]","[0, 1280, 0, 720, 80, 153]","[312, 824, 104, 392, 0, 73]",720,1280,61.88571429,63.27027027,66.45714286,67.59259259,185,yfcc-batch1/508/image_00185,544,1056,309,597,0,184,0,1280,0,720,80,153,312,824,104,392,0,73,0,0,720,1280,0,185,FALSE,FALSE
yfcc-batch1/505,"[74, 586, 23, 311, 0, 225]","[0, 1280, 0, 720, 122, 213]","[414, 926, 136, 424, 135, 225]",720,1280,36.21875,39.85294118,28.34285714,32.29411765,225,yfcc-batch1/505/image_00225,74,586,23,311,0,225,0,1280,0,720,122,213,414,926,136,424,135,225,0,0,720,1280,0,225,FALSE,FALSE
